session_id,round,action,reward,split
1,10,terminate,0.8623999999999999,train
1,10,terminate,0.87005,train
1,10,terminate,0.8916999999999999,train
1,10,terminate,0.9071,train
1,10,terminate,0.9242999999999999,train
1,10,terminate,0.9126,train
1,10,terminate,0.9100999999999999,train
1,10,terminate,0.8928,train
1,10,terminate,0.9020999999999999,train
1,10,terminate,0.8980999999999999,train
2,8,terminate,0.8573,train
2,8,terminate,0.8787499999999999,train
2,8,terminate,0.878,train
2,8,terminate,0.8976,train
2,8,terminate,0.8932,train
2,8,terminate,0.9027999999999999,train
2,8,terminate,0.8865999999999999,train
2,8,terminate,0.9061,train
3,8,terminate,0.9163999999999999,train
3,8,terminate,0.9240499999999999,train
3,8,terminate,0.9199999999999999,train
3,8,terminate,0.9100999999999999,train
3,8,terminate,0.8999999999999999,train
3,8,terminate,0.9100999999999999,train
3,8,terminate,0.9064,train
3,8,terminate,0.9056,train
4,9,terminate,0.8399,train
4,9,terminate,0.86945,train
4,9,terminate,0.8787999999999999,train
4,9,terminate,0.8975,train
4,9,terminate,0.9002,train
4,9,terminate,0.8942,train
4,9,terminate,0.8917999999999999,train
4,9,terminate,0.8873,train
4,9,terminate,0.8876999999999999,train
5,7,terminate,0.8800999999999999,train
5,7,terminate,0.875,train
5,7,terminate,0.8785,train
5,7,terminate,0.8875,train
5,7,terminate,0.8885,train
5,7,terminate,0.8929,train
5,7,terminate,0.8829,train
6,7,terminate,0.9139999999999999,val
6,7,terminate,0.8888,val
6,7,terminate,0.8909,val
6,7,terminate,0.8795999999999999,val
6,7,terminate,0.8971,val
6,7,terminate,0.8894,val
6,7,terminate,0.8906999999999999,val
7,10,terminate,0.8452999999999999,test
7,10,terminate,0.87905,test
7,10,terminate,0.8877999999999999,test
7,10,terminate,0.9055,test
7,10,terminate,0.9055,test
7,10,terminate,0.8926,test
7,10,terminate,0.8852,test
7,10,terminate,0.8734999999999999,test
7,10,terminate,0.8776999999999999,test
7,10,terminate,0.8839999999999999,test
8,7,terminate,0.8908999999999999,test
8,7,terminate,0.8967499999999999,test
8,7,terminate,0.8944,test
8,7,terminate,0.8876,test
8,7,terminate,0.8789,test
8,7,terminate,0.8759,test
8,7,terminate,0.8755,test
9,11,terminate,0.8725999999999999,train
9,11,terminate,0.87995,train
9,11,terminate,0.8904,train
9,11,terminate,0.8912,train
9,11,terminate,0.8936999999999999,train
9,11,terminate,0.8933,train
9,11,terminate,0.8932,train
9,11,terminate,0.8876,train
9,11,terminate,0.8767,train
9,11,terminate,0.8793,train
9,11,terminate,0.8826999999999999,train
10,9,terminate,0.9275,train
10,9,terminate,0.92225,train
10,9,terminate,0.9253,train
10,9,terminate,0.9134,train
10,9,terminate,0.9200999999999999,train
10,9,terminate,0.9087999999999999,train
10,9,terminate,0.9254,train
10,9,terminate,0.9098999999999999,train
10,9,terminate,0.9134,train
11,9,terminate,0.9250999999999999,train
11,9,terminate,0.9252499999999999,train
11,9,terminate,0.9259999999999999,train
11,9,terminate,0.9278,train
11,9,terminate,0.9294,train
11,9,terminate,0.9360999999999999,train
11,9,terminate,0.9299,train
11,9,terminate,0.9202,train
11,9,terminate,0.9122,train
12,3,terminate,0.9349999999999999,val
12,3,terminate,0.9411499999999999,val
12,3,terminate,0.9311,val
13,10,terminate,0.8947999999999999,train
13,10,terminate,0.90845,train
13,10,terminate,0.9121999999999999,train
13,10,terminate,0.9107999999999999,train
13,10,terminate,0.8984,train
13,10,terminate,0.9007999999999999,train
13,10,terminate,0.9007,train
13,10,terminate,0.9002,train
13,10,terminate,0.882,train
13,10,terminate,0.8803,train
14,11,terminate,0.9169999999999999,train
14,11,terminate,0.9061999999999999,train
14,11,terminate,0.8996,train
14,11,terminate,0.9017999999999999,train
14,11,terminate,0.9178,train
14,11,terminate,0.9267,train
14,11,terminate,0.9233,train
14,11,terminate,0.9119999999999999,train
14,11,terminate,0.9020999999999999,train
14,11,terminate,0.8886,train
14,11,terminate,0.8773,train
15,8,terminate,0.9095,train
15,8,terminate,0.89945,train
15,8,terminate,0.8966999999999999,train
15,8,terminate,0.8931,train
15,8,terminate,0.9012,train
15,8,terminate,0.9128,train
15,8,terminate,0.9193,train
15,8,terminate,0.9193,train
16,3,terminate,0.8714,train
16,3,terminate,0.90035,train
16,3,terminate,0.9127,train
17,8,terminate,0.9032,train
17,8,terminate,0.8968999999999999,train
17,8,terminate,0.8998999999999999,train
17,8,terminate,0.9075,train
17,8,terminate,0.9100999999999999,train
17,8,terminate,0.8980999999999999,train
17,8,terminate,0.8942,train
17,8,terminate,0.8965,train
18,11,terminate,0.8963,test
18,11,terminate,0.8928499999999999,test
18,11,terminate,0.8983,test
18,11,terminate,0.9051,test
18,11,terminate,0.913,test
18,11,terminate,0.9092,test
18,11,terminate,0.9032,test
18,11,terminate,0.901,test
18,11,terminate,0.8995,test
18,11,terminate,0.8971,test
18,11,terminate,0.8902,test
19,8,terminate,0.8908999999999999,test
19,8,terminate,0.8769499999999999,test
19,8,terminate,0.8786999999999999,test
19,8,terminate,0.882,test
19,8,terminate,0.8956,test
19,8,terminate,0.9017999999999999,test
19,8,terminate,0.8997999999999999,test
19,8,terminate,0.893,test
20,9,terminate,0.8596999999999999,test
20,9,terminate,0.86705,test
20,9,terminate,0.8863,test
20,9,terminate,0.8980999999999999,test
20,9,terminate,0.9125,test
20,9,terminate,0.9066,test
20,9,terminate,0.9109999999999999,test
20,9,terminate,0.8998999999999999,test
20,9,terminate,0.8941,test
21,8,terminate,0.8591,train
21,8,terminate,0.8887999999999999,train
21,8,terminate,0.8879999999999999,train
21,8,terminate,0.8938999999999999,train
21,8,terminate,0.8899999999999999,train
21,8,terminate,0.8984,train
21,8,terminate,0.9033,train
21,8,terminate,0.8931,train
22,10,terminate,0.9329,train
22,10,terminate,0.9271999999999999,train
22,10,terminate,0.9129999999999999,train
22,10,terminate,0.9021999999999999,train
22,10,terminate,0.8993,train
22,10,terminate,0.9104,train
22,10,terminate,0.9160999999999999,train
22,10,terminate,0.9201999999999999,train
22,10,terminate,0.9233,train
22,10,terminate,0.9229999999999999,train
23,9,terminate,0.8936,train
23,9,terminate,0.8910499999999999,train
23,9,terminate,0.9007999999999999,train
23,9,terminate,0.9097,train
23,9,terminate,0.9222999999999999,train
23,9,terminate,0.9263999999999999,train
23,9,terminate,0.9097999999999999,train
23,9,terminate,0.9114,train
23,9,terminate,0.9035,train
24,7,terminate,0.8848999999999999,train
24,7,terminate,0.8975,train
24,7,terminate,0.9080999999999999,train
24,7,terminate,0.9166,train
24,7,terminate,0.9311999999999999,train
24,7,terminate,0.9309,train
24,7,terminate,0.9246,train
25,10,terminate,0.8378,train
25,10,terminate,0.8765,train
25,10,terminate,0.8884,train
25,10,terminate,0.9052,train
25,10,terminate,0.9019999999999999,train
25,10,terminate,0.8885,train
25,10,terminate,0.8792,train
25,10,terminate,0.865,train
25,10,terminate,0.8668,train
25,10,terminate,0.8724,train
26,8,terminate,0.8452999999999999,train
26,8,terminate,0.8681,train
26,8,terminate,0.8717999999999999,train
26,8,terminate,0.8855,train
26,8,terminate,0.8878999999999999,train
26,8,terminate,0.8965,train
26,8,terminate,0.9013,train
26,8,terminate,0.9031,train
27,7,terminate,0.8395999999999999,train
27,7,terminate,0.8493499999999999,train
27,7,terminate,0.8634,train
27,7,terminate,0.8818999999999999,train
27,7,terminate,0.8946,train
27,7,terminate,0.8966999999999999,train
27,7,terminate,0.8838999999999999,train
28,8,terminate,0.905,train
28,8,terminate,0.89315,train
28,8,terminate,0.8926999999999999,train
28,8,terminate,0.8875,train
28,8,terminate,0.8839999999999999,train
28,8,terminate,0.8873,train
28,8,terminate,0.8849,train
28,8,terminate,0.8854,train
29,7,terminate,0.9208999999999999,train
29,7,terminate,0.9086,train
29,7,terminate,0.9155,train
29,7,terminate,0.9181999999999999,train
29,7,terminate,0.9358,train
29,7,terminate,0.9277,train
29,7,terminate,0.921,train
30,10,terminate,0.8725999999999999,train
30,10,terminate,0.8984,train
30,10,terminate,0.9126,train
30,10,terminate,0.9349,train
30,10,terminate,0.939,train
30,10,terminate,0.9253,train
30,10,terminate,0.9191,train
30,10,terminate,0.8956,train
30,10,terminate,0.9008999999999999,train
30,10,terminate,0.8865999999999999,train
31,11,terminate,0.953,train
31,11,terminate,0.9446,train
31,11,terminate,0.9571999999999999,train
31,11,terminate,0.9621,train
31,11,terminate,0.9733999999999998,train
31,11,terminate,0.96,train
31,11,terminate,0.9522999999999999,train
31,11,terminate,0.9413,train
31,11,terminate,0.9263,train
31,11,terminate,0.9103,train
31,11,terminate,0.9014,train
32,7,terminate,0.9266,train
32,7,terminate,0.9390499999999999,train
32,7,terminate,0.948,train
32,7,terminate,0.9506,train
32,7,terminate,0.9559,train
32,7,terminate,0.9483999999999999,train
32,7,terminate,0.9529,train
33,10,terminate,0.9473,train
33,10,terminate,0.9592999999999999,train
33,10,terminate,0.9487999999999999,train
33,10,terminate,0.947,train
33,10,terminate,0.9396,train
33,10,terminate,0.9418,train
33,10,terminate,0.941,train
33,10,terminate,0.9369999999999999,train
33,10,terminate,0.9305,train
33,10,terminate,0.9279999999999999,train
34,4,terminate,0.9143,train
34,4,terminate,0.9118999999999999,train
34,4,terminate,0.9153,train
34,4,terminate,0.9175,train
35,10,terminate,0.8669,test
35,10,terminate,0.8829499999999999,test
35,10,terminate,0.8934,test
35,10,terminate,0.9119999999999999,test
35,10,terminate,0.9248999999999999,test
35,10,terminate,0.9240999999999999,test
35,10,terminate,0.9276,test
35,10,terminate,0.9214,test
35,10,terminate,0.9228,test
35,10,terminate,0.9183,test
36,4,terminate,0.9227,val
36,4,terminate,0.9201499999999999,val
36,4,terminate,0.9253,val
36,4,terminate,0.9210999999999999,val
37,7,terminate,0.9202999999999999,val
37,7,terminate,0.9273499999999999,val
37,7,terminate,0.9091,val
37,7,terminate,0.9104,val
37,7,terminate,0.8943,val
37,7,terminate,0.9092,val
37,7,terminate,0.905,val
38,9,terminate,0.8605999999999999,train
38,9,terminate,0.8792,train
38,9,terminate,0.8841,train
38,9,terminate,0.8966999999999999,train
38,9,terminate,0.8998999999999999,train
38,9,terminate,0.9064,train
38,9,terminate,0.9007999999999999,train
38,9,terminate,0.8889,train
38,9,terminate,0.8728,train
39,7,terminate,0.8663,test
39,7,terminate,0.8723,test
39,7,terminate,0.8785,test
39,7,terminate,0.8745999999999999,test
39,7,terminate,0.8885,test
39,7,terminate,0.8957999999999999,test
39,7,terminate,0.9068999999999999,test
40,9,terminate,0.9104,train
40,9,terminate,0.8885,train
40,9,terminate,0.8911,train
40,9,terminate,0.8944,train
40,9,terminate,0.9052,train
40,9,terminate,0.9041999999999999,train
40,9,terminate,0.8978999999999999,train
40,9,terminate,0.9037999999999999,train
40,9,terminate,0.8991,train
41,11,terminate,0.869,test
41,11,terminate,0.88415,test
41,11,terminate,0.8997999999999999,test
41,11,terminate,0.9248,test
41,11,terminate,0.9171,test
41,11,terminate,0.9235,test
41,11,terminate,0.9097999999999999,test
41,11,terminate,0.9228,test
41,11,terminate,0.893,test
41,11,terminate,0.899,test
41,11,terminate,0.9032,test
42,7,terminate,0.866,train
42,7,terminate,0.88655,train
42,7,terminate,0.8919999999999999,train
42,7,terminate,0.9005,train
42,7,terminate,0.8952,train
42,7,terminate,0.9012,train
42,7,terminate,0.9125,train
43,10,terminate,0.9139999999999999,train
43,10,terminate,0.9129499999999999,train
43,10,terminate,0.8962,train
43,10,terminate,0.8917999999999999,train
43,10,terminate,0.8766999999999999,train
43,10,terminate,0.8812,train
43,10,terminate,0.8899999999999999,train
43,10,terminate,0.9011,train
43,10,terminate,0.9138,train
43,10,terminate,0.9068999999999999,train
44,7,terminate,0.887,test
44,7,terminate,0.8886499999999999,test
44,7,terminate,0.8897999999999999,test
44,7,terminate,0.8968999999999999,test
44,7,terminate,0.8986,test
44,7,terminate,0.895,test
44,7,terminate,0.8859999999999999,test
45,10,terminate,0.8827999999999999,train
45,10,terminate,0.9009499999999999,train
45,10,terminate,0.9055,train
45,10,terminate,0.9054,train
45,10,terminate,0.8896999999999999,train
45,10,terminate,0.8668,train
45,10,terminate,0.8733,train
45,10,terminate,0.8845,train
45,10,terminate,0.8949,train
45,10,terminate,0.894,train
46,9,terminate,0.9229999999999999,train
46,9,terminate,0.90965,train
46,9,terminate,0.8967999999999999,train
46,9,terminate,0.8996,train
46,9,terminate,0.9073,train
46,9,terminate,0.9189999999999999,train
46,9,terminate,0.9064,train
46,9,terminate,0.9069999999999999,train
46,9,terminate,0.8999999999999999,train
47,8,terminate,0.8614999999999999,test
47,8,terminate,0.8785999999999999,test
47,8,terminate,0.8829,test
47,8,terminate,0.8936,test
47,8,terminate,0.8978999999999999,test
47,8,terminate,0.8923,test
47,8,terminate,0.8906999999999999,test
47,8,terminate,0.8849,test
48,8,terminate,0.9197,train
48,8,terminate,0.8958499999999999,train
48,8,terminate,0.9065,train
48,8,terminate,0.9013,train
48,8,terminate,0.9168999999999999,train
48,8,terminate,0.9158,train
48,8,terminate,0.9107,train
48,8,terminate,0.9065,train
49,7,terminate,0.8800999999999999,test
49,7,terminate,0.8989999999999999,test
49,7,terminate,0.9080999999999999,test
49,7,terminate,0.8973,test
49,7,terminate,0.8835999999999999,test
49,7,terminate,0.882,test
49,7,terminate,0.9047999999999999,test
50,11,terminate,0.8402,val
50,11,terminate,0.8627,val
50,11,terminate,0.8776999999999999,val
50,11,terminate,0.899,val
50,11,terminate,0.8872,val
50,11,terminate,0.8837999999999999,val
50,11,terminate,0.8801,val
50,11,terminate,0.8887999999999999,val
50,11,terminate,0.8829,val
50,11,terminate,0.8827999999999999,val
50,11,terminate,0.8802,val
51,10,terminate,0.8387,train
51,10,terminate,0.8825,train
51,10,terminate,0.8915,train
51,10,terminate,0.9166,train
51,10,terminate,0.9113,train
51,10,terminate,0.9120999999999999,train
51,10,terminate,0.9078999999999999,train
51,10,terminate,0.9038999999999999,train
51,10,terminate,0.9047999999999999,train
51,10,terminate,0.8955,train
52,8,terminate,0.9382999999999999,train
52,8,terminate,0.9270499999999999,train
52,8,terminate,0.9173,train
52,8,terminate,0.9040999999999999,train
52,8,terminate,0.8960999999999999,train
52,8,terminate,0.8992,train
52,8,terminate,0.8995,train
52,8,terminate,0.9016,train
53,7,terminate,0.8986999999999999,train
53,7,terminate,0.92015,train
53,7,terminate,0.9164,train
53,7,terminate,0.9206,train
53,7,terminate,0.9211,train
53,7,terminate,0.9242999999999999,train
53,7,terminate,0.9327,train
54,7,terminate,0.9077,test
54,7,terminate,0.8926999999999999,test
54,7,terminate,0.8959999999999999,test
54,7,terminate,0.8942,test
54,7,terminate,0.9057999999999999,test
54,7,terminate,0.9134,test
54,7,terminate,0.9154,test
55,11,terminate,0.8447,train
55,11,terminate,0.85385,train
55,11,terminate,0.8674999999999999,train
55,11,terminate,0.8923,train
55,11,terminate,0.8978999999999999,train
55,11,terminate,0.9075,train
55,11,terminate,0.9033,train
55,11,terminate,0.8986999999999999,train
55,11,terminate,0.8776999999999999,train
55,11,terminate,0.867,train
55,11,terminate,0.8603,train
56,11,terminate,0.8272999999999999,train
56,11,terminate,0.86615,train
56,11,terminate,0.8724,train
56,11,terminate,0.885,train
56,11,terminate,0.8782,train
56,11,terminate,0.8716999999999999,train
56,11,terminate,0.8825,train
56,11,terminate,0.8839999999999999,train
56,11,terminate,0.8826999999999999,train
56,11,terminate,0.8785,train
56,11,terminate,0.867,train
57,11,terminate,0.8651,train
57,11,terminate,0.8744,train
57,11,terminate,0.8845,train
57,11,terminate,0.8875,train
57,11,terminate,0.8885,train
57,11,terminate,0.8785999999999999,train
57,11,terminate,0.8717999999999999,train
57,11,terminate,0.8724999999999999,train
57,11,terminate,0.8743,train
57,11,terminate,0.8716999999999999,train
57,11,terminate,0.8629,train
58,10,terminate,0.839,train
58,10,terminate,0.8787499999999999,train
58,10,terminate,0.8904,train
58,10,terminate,0.9181999999999999,train
58,10,terminate,0.9034,train
58,10,terminate,0.9031,train
58,10,terminate,0.8981,train
58,10,terminate,0.8935,train
58,10,terminate,0.8874,train
58,10,terminate,0.8747,train
59,7,terminate,0.8753,train
59,7,terminate,0.8864,train
59,7,terminate,0.9008999999999999,train
59,7,terminate,0.9054,train
59,7,terminate,0.9025,train
59,7,terminate,0.8963,train
59,7,terminate,0.8993,train
60,11,terminate,0.8963,val
60,11,terminate,0.88625,val
60,11,terminate,0.8897999999999999,val
60,11,terminate,0.8882,val
60,11,terminate,0.8976999999999999,val
60,11,terminate,0.9072,val
60,11,terminate,0.9097999999999999,val
60,11,terminate,0.9027,val
60,11,terminate,0.9007999999999999,val
60,11,terminate,0.8926,val
60,11,terminate,0.9035,val
61,9,terminate,0.9007999999999999,train
61,9,terminate,0.91655,train
61,9,terminate,0.9138999999999999,train
61,9,terminate,0.9157,train
61,9,terminate,0.9119999999999999,train
61,9,terminate,0.9187,train
61,9,terminate,0.9275,train
61,9,terminate,0.9206,train
61,9,terminate,0.9240999999999999,train
62,10,terminate,0.9275,train
62,10,terminate,0.9219499999999999,train
62,10,terminate,0.9225,train
62,10,terminate,0.9277,train
62,10,terminate,0.9268,train
62,10,terminate,0.9327,train
62,10,terminate,0.9299999999999999,train
62,10,terminate,0.9359999999999999,train
62,10,terminate,0.9178999999999999,train
62,10,terminate,0.9166,train
63,10,terminate,0.9023,train
63,10,terminate,0.9028999999999999,train
63,10,terminate,0.9192,train
63,10,terminate,0.9322999999999999,train
63,10,terminate,0.9321999999999999,train
63,10,terminate,0.9313,train
63,10,terminate,0.9216,train
63,10,terminate,0.9160999999999999,train
63,10,terminate,0.9118999999999999,train
63,10,terminate,0.9176,train
64,4,terminate,0.8977999999999999,train
64,4,terminate,0.8843,train
64,4,terminate,0.8839999999999999,train
64,4,terminate,0.8785999999999999,train
65,8,terminate,0.8924,train
65,8,terminate,0.8847499999999999,train
65,8,terminate,0.88,train
65,8,terminate,0.8714,train
65,8,terminate,0.8836999999999999,train
65,8,terminate,0.8853,train
65,8,terminate,0.8913,train
65,8,terminate,0.8852,train
66,11,terminate,0.8623999999999999,train
66,11,terminate,0.87605,train
66,11,terminate,0.8771,train
66,11,terminate,0.8854,train
66,11,terminate,0.8840999999999999,train
66,11,terminate,0.8835,train
66,11,terminate,0.8875,train
66,11,terminate,0.88,train
66,11,terminate,0.8761,train
66,11,terminate,0.8675999999999999,train
66,11,terminate,0.8802,train
67,11,terminate,0.9322999999999999,val
67,11,terminate,0.9321499999999999,val
67,11,terminate,0.9228999999999999,val
67,11,terminate,0.9138999999999999,val
67,11,terminate,0.9072,val
67,11,terminate,0.9086,val
67,11,terminate,0.9045,val
67,11,terminate,0.8931,val
67,11,terminate,0.8983,val
67,11,terminate,0.9094,val
67,11,terminate,0.9240999999999999,val
68,11,terminate,0.9266,train
68,11,terminate,0.9051499999999999,train
68,11,terminate,0.8988999999999999,train
68,11,terminate,0.8813,train
68,11,terminate,0.8878999999999999,train
68,11,terminate,0.8963,train
68,11,terminate,0.9077,train
68,11,terminate,0.8963,train
68,11,terminate,0.9013,train
68,11,terminate,0.9027,train
68,11,terminate,0.9087999999999999,train
69,10,terminate,0.8614999999999999,train
69,10,terminate,0.88535,train
69,10,terminate,0.8958999999999999,train
69,10,terminate,0.9178,train
69,10,terminate,0.9162999999999999,train
69,10,terminate,0.9158,train
69,10,terminate,0.9026,train
69,10,terminate,0.8942,train
69,10,terminate,0.8911,train
69,10,terminate,0.8991,train
70,7,terminate,0.9250999999999999,train
70,7,terminate,0.89195,train
70,7,terminate,0.9025,train
70,7,terminate,0.8894,train
70,7,terminate,0.8974,train
70,7,terminate,0.8845999999999999,train
70,7,terminate,0.8798999999999999,train
71,8,terminate,0.8633,train
71,8,terminate,0.8896999999999999,train
71,8,terminate,0.8984,train
71,8,terminate,0.9155,train
71,8,terminate,0.9122,train
71,8,terminate,0.9106,train
71,8,terminate,0.9077,train
71,8,terminate,0.9065,train
72,9,terminate,0.8563999999999999,test
72,9,terminate,0.88505,test
72,9,terminate,0.8974,test
72,9,terminate,0.9168,test
72,9,terminate,0.9186,test
72,9,terminate,0.9168,test
72,9,terminate,0.9161999999999999,test
72,9,terminate,0.9155,test
72,9,terminate,0.9117,test
73,7,terminate,0.9062,val
73,7,terminate,0.90425,val
73,7,terminate,0.9220999999999999,val
73,7,terminate,0.9188999999999999,val
73,7,terminate,0.9369,val
73,7,terminate,0.9188999999999999,val
73,7,terminate,0.9194,val
74,7,terminate,0.9254,train
74,7,terminate,0.93245,train
74,7,terminate,0.9351999999999999,train
74,7,terminate,0.941,train
74,7,terminate,0.9435,train
74,7,terminate,0.9447,train
74,7,terminate,0.9367999999999999,train
75,11,terminate,0.9139999999999999,train
75,11,terminate,0.9009499999999999,train
75,11,terminate,0.9018999999999999,train
75,11,terminate,0.9079999999999999,train
75,11,terminate,0.9122,train
75,11,terminate,0.9074,train
75,11,terminate,0.9077,train
75,11,terminate,0.9185,train
75,11,terminate,0.9346,train
75,11,terminate,0.9420999999999999,train
75,11,terminate,0.9322999999999999,train
76,11,terminate,0.8920999999999999,train
76,11,terminate,0.90755,train
76,11,terminate,0.9057999999999999,train
76,11,terminate,0.9075,train
76,11,terminate,0.9069999999999999,train
76,11,terminate,0.9093,train
76,11,terminate,0.9168,train
76,11,terminate,0.9132,train
76,11,terminate,0.9188,train
76,11,terminate,0.9141999999999999,train
76,11,terminate,0.9148999999999999,train
77,7,terminate,0.8857999999999999,test
77,7,terminate,0.90455,test
77,7,terminate,0.9047,test
77,7,terminate,0.9286,test
77,7,terminate,0.9166,test
77,7,terminate,0.9256,test
77,7,terminate,0.9048999999999999,test
78,9,terminate,0.8702,train
78,9,terminate,0.8926999999999999,train
78,9,terminate,0.9022,train
78,9,terminate,0.9253,train
78,9,terminate,0.9245,train
78,9,terminate,0.9256,train
78,9,terminate,0.9316,train
78,9,terminate,0.9347,train
78,9,terminate,0.9459,train
79,4,continue,0.7263636363636363,train
79,4,continue,0.7286136363636364,train
79,4,continue,0.7263636363636363,train
79,4,continue,0.7266136363636364,train
79,11,terminate,0.9402999999999999,train
79,11,terminate,0.9289,train
79,11,terminate,0.9367999999999999,train
79,11,terminate,0.9425999999999999,train
79,11,terminate,0.9315,train
79,11,terminate,0.9081999999999999,train
79,11,terminate,0.8999999999999999,train
80,10,terminate,0.9044,train
80,10,terminate,0.9223999999999999,train
80,10,terminate,0.9229999999999999,train
80,10,terminate,0.9411999999999999,train
80,10,terminate,0.9426999999999999,train
80,10,terminate,0.9476,train
80,10,terminate,0.9496,train
80,10,terminate,0.9543999999999999,train
80,10,terminate,0.9476,train
80,10,terminate,0.9208999999999999,train
81,11,terminate,0.9632000000000001,train
81,11,terminate,0.9317,train
81,11,terminate,0.9303999999999999,train
81,11,terminate,0.9210999999999999,train
81,11,terminate,0.94,train
81,11,terminate,0.9349999999999999,train
81,11,terminate,0.9293,train
81,11,terminate,0.9227,train
81,11,terminate,0.9319,train
81,11,terminate,0.9332,train
81,11,terminate,0.9301999999999999,train
82,7,terminate,0.8882,val
82,7,terminate,0.8993,val
82,7,terminate,0.9068999999999999,val
82,7,terminate,0.9184,val
82,7,terminate,0.9120999999999999,val
82,7,terminate,0.9130999999999999,val
82,7,terminate,0.9084,val
83,10,terminate,0.8951,train
83,10,terminate,0.8813,train
83,10,terminate,0.8947999999999999,train
83,10,terminate,0.8948999999999999,train
83,10,terminate,0.9135,train
83,10,terminate,0.8985,train
83,10,terminate,0.9003,train
83,10,terminate,0.9025,train
83,10,terminate,0.9128,train
83,10,terminate,0.9227,train
84,7,terminate,0.8593999999999999,train
84,7,terminate,0.8889499999999999,train
84,7,terminate,0.9014,train
84,7,terminate,0.9204,train
84,7,terminate,0.9086,train
84,7,terminate,0.9108999999999999,train
84,7,terminate,0.9087,train
85,9,terminate,0.8836999999999999,val
85,9,terminate,0.9014,val
85,9,terminate,0.9098999999999999,val
85,9,terminate,0.9161999999999999,val
85,9,terminate,0.9133,val
85,9,terminate,0.9128999999999999,val
85,9,terminate,0.9136,val
85,9,terminate,0.9148,val
85,9,terminate,0.9149999999999999,val
86,6,terminate,0.9262999999999999,train
86,6,terminate,0.9056,train
86,6,terminate,0.9148,train
86,6,terminate,0.9205,train
86,6,terminate,0.9363999999999999,train
86,6,terminate,0.9429,train
87,9,terminate,0.9241999999999999,train
87,9,terminate,0.9169999999999999,train
87,9,terminate,0.9215,train
87,9,terminate,0.9254,train
87,9,terminate,0.9322999999999999,train
87,9,terminate,0.9357,train
87,9,terminate,0.9359,train
87,9,terminate,0.9438,train
87,9,terminate,0.9467,train
88,9,terminate,0.8936,train
88,9,terminate,0.9340999999999999,train
88,9,terminate,0.9426999999999999,train
88,9,terminate,0.9517,train
88,9,terminate,0.9349,train
88,9,terminate,0.9299999999999999,train
88,9,terminate,0.9351999999999999,train
88,9,terminate,0.9260999999999999,train
88,9,terminate,0.9107999999999999,train
89,9,terminate,0.8980999999999999,test
89,9,terminate,0.92855,test
89,9,terminate,0.9245,test
89,9,terminate,0.9321999999999999,test
89,9,terminate,0.9168,test
89,9,terminate,0.9206,test
89,9,terminate,0.9191,test
89,9,terminate,0.9217,test
89,9,terminate,0.9159999999999999,test
90,8,terminate,0.9391999999999999,train
90,8,terminate,0.9377,train
90,8,terminate,0.9378,train
90,8,terminate,0.946,train
90,8,terminate,0.9412999999999999,train
90,8,terminate,0.9518,train
90,8,terminate,0.9498,train
90,8,terminate,0.953,train
91,8,terminate,0.9134,val
91,8,terminate,0.9018499999999999,val
91,8,terminate,0.9179999999999999,val
91,8,terminate,0.9125,val
91,8,terminate,0.9122,val
91,8,terminate,0.8929,val
91,8,terminate,0.8907999999999999,val
91,8,terminate,0.8976,val
92,11,terminate,0.887,train
92,11,terminate,0.8959999999999999,train
92,11,terminate,0.9016,train
92,11,terminate,0.9059999999999999,train
92,11,terminate,0.9037,train
92,11,terminate,0.9117,train
92,11,terminate,0.9204,train
92,11,terminate,0.9228,train
92,11,terminate,0.9060999999999999,train
92,11,terminate,0.8986,train
92,11,terminate,0.8993,train
93,11,terminate,0.9058999999999999,train
93,11,terminate,0.8920999999999999,train
93,11,terminate,0.8911,train
93,11,terminate,0.8917999999999999,train
93,11,terminate,0.8958999999999999,train
93,11,terminate,0.9026,train
93,11,terminate,0.9064,train
93,11,terminate,0.9148999999999999,train
93,11,terminate,0.9219999999999999,train
93,11,terminate,0.9122,train
93,11,terminate,0.8984,train
94,9,terminate,0.9787999999999999,train
94,9,terminate,0.9449,train
94,9,terminate,0.9389,train
94,9,terminate,0.9290999999999999,train
94,9,terminate,0.9341999999999999,train
94,9,terminate,0.9359999999999999,train
94,9,terminate,0.9351999999999999,train
94,9,terminate,0.9365999999999999,train
94,9,terminate,0.9484999999999999,train
95,8,terminate,0.9190999999999999,train
95,8,terminate,0.9143,train
95,8,terminate,0.9176,train
95,8,terminate,0.9164,train
95,8,terminate,0.9264,train
95,8,terminate,0.9327,train
95,8,terminate,0.9458,train
95,8,terminate,0.9288,train
96,9,terminate,0.9146,val
96,9,terminate,0.92585,val
96,9,terminate,0.9308,val
96,9,terminate,0.9543999999999999,val
96,9,terminate,0.9527,val
96,9,terminate,0.959,val
96,9,terminate,0.942,val
96,9,terminate,0.9469,val
96,9,terminate,0.9317,val
97,7,terminate,0.8926999999999999,val
97,7,terminate,0.90425,val
97,7,terminate,0.9141999999999999,val
97,7,terminate,0.9381999999999999,val
97,7,terminate,0.9354,val
97,7,terminate,0.9361999999999999,val
97,7,terminate,0.9343999999999999,val
98,10,terminate,0.947,train
98,10,terminate,0.93785,train
98,10,terminate,0.9310999999999999,train
98,10,terminate,0.9301999999999999,train
98,10,terminate,0.9237,train
98,10,terminate,0.9215,train
98,10,terminate,0.9171,train
98,10,terminate,0.9316,train
98,10,terminate,0.9378,train
98,10,terminate,0.9387,train
99,7,terminate,0.9428,train
99,7,terminate,0.9381499999999999,train
99,7,terminate,0.9429,train
99,7,terminate,0.9338,train
99,7,terminate,0.9285,train
99,7,terminate,0.9209999999999999,train
99,7,terminate,0.9228,train
100,8,terminate,0.9248,train
100,8,terminate,0.9414499999999999,train
100,8,terminate,0.9448,train
100,8,terminate,0.9522999999999999,train
100,8,terminate,0.9521,train
100,8,terminate,0.9462999999999999,train
100,8,terminate,0.9491999999999999,train
100,8,terminate,0.9435,train
101,9,terminate,0.9310999999999999,train
101,9,terminate,0.9243499999999999,train
101,9,terminate,0.9253,train
101,9,terminate,0.938,train
101,9,terminate,0.9616,train
101,9,terminate,0.9694,train
101,9,terminate,0.9728999999999999,train
101,9,terminate,0.9701,train
101,9,terminate,0.9712000000000001,train
102,9,terminate,0.9146,test
102,9,terminate,0.9340999999999999,test
102,9,terminate,0.9367,test
102,9,terminate,0.9502999999999999,test
102,9,terminate,0.9522999999999999,test
102,9,terminate,0.9511999999999999,test
102,9,terminate,0.9497,test
102,9,terminate,0.9381999999999999,test
102,9,terminate,0.9400999999999999,test
103,8,terminate,0.8968999999999999,train
103,8,terminate,0.9058999999999999,train
103,8,terminate,0.9047,train
103,8,terminate,0.9179999999999999,train
103,8,terminate,0.9275,train
103,8,terminate,0.9317,train
103,8,terminate,0.9281999999999999,train
103,8,terminate,0.9202999999999999,train
104,8,terminate,0.8998999999999999,train
104,8,terminate,0.9305,train
104,8,terminate,0.9191,train
104,8,terminate,0.9339999999999999,train
104,8,terminate,0.9166,train
104,8,terminate,0.9247,train
104,8,terminate,0.9092,train
104,8,terminate,0.9138999999999999,train
105,11,terminate,0.8963,train
105,11,terminate,0.90935,train
105,11,terminate,0.9247,train
105,11,terminate,0.9409,train
105,11,terminate,0.9396,train
105,11,terminate,0.9376,train
105,11,terminate,0.9280999999999999,train
105,11,terminate,0.9236,train
105,11,terminate,0.9159999999999999,train
105,11,terminate,0.9265,train
105,11,terminate,0.9244,train
106,8,terminate,0.8818999999999999,train
106,8,terminate,0.88835,train
106,8,terminate,0.9035,train
106,8,terminate,0.9034,train
106,8,terminate,0.9097,train
106,8,terminate,0.8962,train
106,8,terminate,0.8991,train
106,8,terminate,0.8875,train
107,8,terminate,0.9014,train
107,8,terminate,0.8916499999999999,train
107,8,terminate,0.8999999999999999,train
107,8,terminate,0.8980999999999999,train
107,8,terminate,0.9091,train
107,8,terminate,0.9037999999999999,train
107,8,terminate,0.9025,train
107,8,terminate,0.9101999999999999,train
108,11,terminate,0.857,train
108,11,terminate,0.8714,train
108,11,terminate,0.8948999999999999,train
108,11,terminate,0.9134,train
108,11,terminate,0.9231,train
108,11,terminate,0.9080999999999999,train
108,11,terminate,0.9119999999999999,train
108,11,terminate,0.9130999999999999,train
108,11,terminate,0.9256,train
108,11,terminate,0.9140999999999999,train
108,11,terminate,0.9077999999999999,train
109,10,terminate,0.8864,train
109,10,terminate,0.89915,train
109,10,terminate,0.9017,train
109,10,terminate,0.9085,train
109,10,terminate,0.9022,train
109,10,terminate,0.8985,train
109,10,terminate,0.8992,train
109,10,terminate,0.9040999999999999,train
109,10,terminate,0.9138,train
109,10,terminate,0.9087,train
110,11,terminate,0.8806999999999999,test
110,11,terminate,0.9131,test
110,11,terminate,0.9091,test
110,11,terminate,0.9218,test
110,11,terminate,0.9105,test
110,11,terminate,0.9201999999999999,test
110,11,terminate,0.9395,test
110,11,terminate,0.9306,test
110,11,terminate,0.9327,test
110,11,terminate,0.9081999999999999,test
110,11,terminate,0.9122,test
111,7,terminate,0.9319999999999999,train
111,7,terminate,0.9211999999999999,train
111,7,terminate,0.9221999999999999,train
111,7,terminate,0.9107,train
111,7,terminate,0.9087,train
111,7,terminate,0.9058999999999999,train
111,7,terminate,0.9257,train
112,7,terminate,0.8938999999999999,train
112,7,terminate,0.89825,train
112,7,terminate,0.9046,train
112,7,terminate,0.9094,train
112,7,terminate,0.9225,train
112,7,terminate,0.9157,train
112,7,terminate,0.9355,train
113,11,terminate,0.9152,train
113,11,terminate,0.92885,train
113,11,terminate,0.9156,train
113,11,terminate,0.9189999999999999,train
113,11,terminate,0.9143,train
113,11,terminate,0.9309,train
113,11,terminate,0.9373,train
113,11,terminate,0.9303,train
113,11,terminate,0.9198,train
113,11,terminate,0.9053,train
113,11,terminate,0.9174,train
114,9,terminate,0.8827999999999999,train
114,9,terminate,0.89615,train
114,9,terminate,0.8959999999999999,train
114,9,terminate,0.8998999999999999,train
114,9,terminate,0.8965,train
114,9,terminate,0.8976,train
114,9,terminate,0.9148,train
114,9,terminate,0.9269999999999999,train
114,9,terminate,0.9281999999999999,train
115,4,terminate,0.9167,train
115,4,terminate,0.9278,train
115,4,terminate,0.9319,train
115,4,terminate,0.9385,train
116,7,terminate,0.8903,val
116,7,terminate,0.8954,val
116,7,terminate,0.8935,val
116,7,terminate,0.8920999999999999,val
116,7,terminate,0.9152,val
116,7,terminate,0.9339,val
116,7,terminate,0.9421999999999999,val
117,9,terminate,0.8857999999999999,train
117,9,terminate,0.89465,train
117,9,terminate,0.8915,train
117,9,terminate,0.899,train
117,9,terminate,0.9057999999999999,train
117,9,terminate,0.9220999999999999,train
117,9,terminate,0.9241999999999999,train
117,9,terminate,0.9162,train
117,9,terminate,0.9063,train
118,7,terminate,0.9319999999999999,train
118,7,terminate,0.92255,train
118,7,terminate,0.9226,train
118,7,terminate,0.9408,train
118,7,terminate,0.9498,train
118,7,terminate,0.9659,train
118,7,terminate,0.9588,train
119,10,terminate,0.9625999999999999,train
119,10,terminate,0.9462499999999999,train
119,10,terminate,0.941,train
119,10,terminate,0.9317,train
119,10,terminate,0.9434,train
119,10,terminate,0.9437,train
119,10,terminate,0.9448,train
119,10,terminate,0.9335,train
119,10,terminate,0.9341999999999999,train
119,10,terminate,0.9209999999999999,train
120,10,terminate,0.9134,train
120,10,terminate,0.92855,train
120,10,terminate,0.9379,train
120,10,terminate,0.9491999999999999,train
120,10,terminate,0.9502999999999999,train
120,10,terminate,0.9413,train
120,10,terminate,0.9259,train
120,10,terminate,0.9120999999999999,train
120,10,terminate,0.9148999999999999,train
120,10,terminate,0.9253,train
121,8,terminate,0.9056,val
121,8,terminate,0.9331999999999999,val
121,8,terminate,0.9261999999999999,val
121,8,terminate,0.9293,val
121,8,terminate,0.9275,val
121,8,terminate,0.9259,val
121,8,terminate,0.9204,val
121,8,terminate,0.9057,val
122,10,terminate,0.9233,train
122,10,terminate,0.9074,train
122,10,terminate,0.9105,train
122,10,terminate,0.9134,train
122,10,terminate,0.9249999999999999,train
122,10,terminate,0.9292,train
122,10,terminate,0.9238999999999999,train
122,10,terminate,0.9320999999999999,train
122,10,terminate,0.9320999999999999,train
122,10,terminate,0.9365999999999999,train
123,11,terminate,0.9229999999999999,train
123,11,terminate,0.9257,train
123,11,terminate,0.9398,train
123,11,terminate,0.9470999999999999,train
123,11,terminate,0.9442999999999999,train
123,11,terminate,0.9244,train
123,11,terminate,0.9268,train
123,11,terminate,0.9293,train
123,11,terminate,0.9362999999999999,train
123,11,terminate,0.9239999999999999,train
123,11,terminate,0.9057,train
124,9,terminate,0.9389,test
124,9,terminate,0.9259999999999999,test
124,9,terminate,0.9289999999999999,test
124,9,terminate,0.9226,test
124,9,terminate,0.9241999999999999,test
124,9,terminate,0.9207,test
124,9,terminate,0.9292,test
124,9,terminate,0.9380999999999999,test
124,9,terminate,0.9329,test
125,7,terminate,0.9229999999999999,test
125,7,terminate,0.9163999999999999,test
125,7,terminate,0.9092,test
125,7,terminate,0.9002,test
125,7,terminate,0.9029999999999999,test
125,7,terminate,0.9253,test
125,7,terminate,0.9239999999999999,test
126,7,terminate,0.9331999999999999,train
126,7,terminate,0.9188,train
126,7,terminate,0.9101999999999999,train
126,7,terminate,0.8964,train
126,7,terminate,0.9087999999999999,train
126,7,terminate,0.9313,train
126,7,terminate,0.9369999999999999,train
127,10,terminate,0.8747,train
127,10,terminate,0.88385,train
127,10,terminate,0.8866999999999999,train
127,10,terminate,0.8958999999999999,train
127,10,terminate,0.9073,train
127,10,terminate,0.9083,train
127,10,terminate,0.9023,train
127,10,terminate,0.9026,train
127,10,terminate,0.9076,train
127,10,terminate,0.8958999999999999,train
128,8,terminate,0.8465,train
128,8,terminate,0.87635,train
128,8,terminate,0.8915,train
128,8,terminate,0.9116,train
128,8,terminate,0.9097999999999999,train
128,8,terminate,0.9083,train
128,8,terminate,0.9112,train
128,8,terminate,0.9170999999999999,train
129,9,terminate,0.9097999999999999,val
129,9,terminate,0.9078499999999999,val
129,9,terminate,0.9087999999999999,val
129,9,terminate,0.9127,val
129,9,terminate,0.9055,val
129,9,terminate,0.8920999999999999,val
129,9,terminate,0.8877999999999999,val
129,9,terminate,0.8926999999999999,val
129,9,terminate,0.8980999999999999,val
130,3,terminate,0.8482999999999999,train
130,3,terminate,0.8709499999999999,train
130,3,terminate,0.8815999999999999,train
131,7,terminate,0.8899999999999999,train
131,7,terminate,0.89915,train
131,7,terminate,0.9002,train
131,7,terminate,0.8905,train
131,7,terminate,0.8821,train
131,7,terminate,0.8809,train
131,7,terminate,0.9008999999999999,train
132,9,terminate,0.8588,train
132,9,terminate,0.8688499999999999,train
132,9,terminate,0.8722,train
132,9,terminate,0.8784,train
132,9,terminate,0.8901,train
132,9,terminate,0.9007999999999999,train
132,9,terminate,0.9085,train
132,9,terminate,0.9043,train
132,9,terminate,0.9006,train
133,7,terminate,0.9169999999999999,test
133,7,terminate,0.9509,test
133,7,terminate,0.9398,test
133,7,terminate,0.9451999999999999,test
133,7,terminate,0.9315,test
133,7,terminate,0.9466,test
133,7,terminate,0.9524999999999999,test
134,11,terminate,0.9271999999999999,train
134,11,terminate,0.9441499999999999,train
134,11,terminate,0.9371999999999999,train
134,11,terminate,0.9436,train
134,11,terminate,0.9374,train
134,11,terminate,0.944,train
134,11,terminate,0.9481999999999999,train
134,11,terminate,0.9316,train
134,11,terminate,0.9214,train
134,11,terminate,0.9067,train
134,11,terminate,0.9172,train
135,7,terminate,0.9229999999999999,test
135,7,terminate,0.92585,test
135,7,terminate,0.9277,test
135,7,terminate,0.9455,test
135,7,terminate,0.9452999999999999,test
135,7,terminate,0.941,test
135,7,terminate,0.9309999999999999,test
136,3,terminate,0.9167,test
136,3,terminate,0.9381499999999999,test
136,3,terminate,0.9319999999999999,test
137,7,terminate,0.9364999999999999,test
137,7,terminate,0.9451999999999999,test
137,7,terminate,0.9479,test
137,7,terminate,0.9477,test
137,7,terminate,0.9508,test
137,7,terminate,0.9601999999999999,test
137,7,terminate,0.9657,test
138,7,terminate,0.9077,test
138,7,terminate,0.9279499999999999,test
138,7,terminate,0.9416,test
138,7,terminate,0.9694,test
138,7,terminate,0.9749999999999999,test
138,7,terminate,0.9677,test
138,7,terminate,0.9556,test
139,7,terminate,0.8656999999999999,train
139,7,terminate,0.8876,train
139,7,terminate,0.9068999999999999,train
139,7,terminate,0.9360999999999999,train
139,7,terminate,0.9320999999999999,train
139,7,terminate,0.9256,train
139,7,terminate,0.9139999999999999,train
140,8,terminate,0.8528,train
140,8,terminate,0.8813,train
140,8,terminate,0.8928,train
140,8,terminate,0.9098999999999999,train
140,8,terminate,0.9166,train
140,8,terminate,0.9054,train
140,8,terminate,0.9073,train
140,8,terminate,0.9097999999999999,train
141,8,terminate,0.8711,train
141,8,terminate,0.8951,train
141,8,terminate,0.9113,train
141,8,terminate,0.9310999999999999,train
141,8,terminate,0.9241999999999999,train
141,8,terminate,0.9253,train
141,8,terminate,0.9234,train
141,8,terminate,0.9378,train
142,11,terminate,0.9511999999999999,test
142,11,terminate,0.9421999999999999,test
142,11,terminate,0.9441999999999999,test
142,11,terminate,0.9339,test
142,11,terminate,0.9447,test
142,11,terminate,0.9262999999999999,test
142,11,terminate,0.9219999999999999,test
142,11,terminate,0.9068999999999999,test
142,11,terminate,0.9289,test
142,11,terminate,0.9356,test
142,11,terminate,0.9209999999999999,test
143,8,terminate,0.9382999999999999,train
143,8,terminate,0.9471499999999999,train
143,8,terminate,0.9410999999999999,train
143,8,terminate,0.9398,train
143,8,terminate,0.9273,train
143,8,terminate,0.9374,train
143,8,terminate,0.9338,train
143,8,terminate,0.9379,train
144,8,terminate,0.9146,train
144,8,terminate,0.9178999999999999,train
144,8,terminate,0.9300999999999999,train
144,8,terminate,0.9425999999999999,train
144,8,terminate,0.948,train
144,8,terminate,0.9363999999999999,train
144,8,terminate,0.9367999999999999,train
144,8,terminate,0.9389,train
