session_id,round,split,width,reward
1,1,train,8,0.8126
1,2,train,1,0.67689
1,3,train,1,0.71779
1,4,train,1,0.80479
1,5,train,1,0.81269
1,6,train,4,0.78244
1,7,train,1,0.88539
2,1,train,1,0.70649
2,2,train,1,0.73429
2,3,train,4,0.87154
2,4,train,1,0.89299
2,5,train,1,0.77659
2,6,train,1,0.82709
2,7,train,1,0.77399
3,1,train,1,0.82419
3,2,train,1,0.80309
3,3,train,8,0.5769
3,4,train,1,0.73989
3,5,train,1,0.90959
4,1,train,4,0.49434
4,2,train,1,0.64479
4,3,train,4,0.68764
4,4,train,1,0.60239
4,5,train,1,0.68599
4,6,train,1,0.65969
5,1,train,1,0.44189
5,2,train,1,0.61569
5,3,train,1,0.45029
5,4,train,4,0.62614
5,5,train,1,0.59569
5,6,train,1,0.60739
5,7,train,1,0.64929
6,1,val,1,0.51719
6,2,val,1,0.73779
6,3,val,1,0.52269
6,4,val,1,0.55969
6,5,val,8,0.57011
7,1,test,1,0.26619
7,2,test,1,0.51179
7,3,test,4,0.30714
7,4,test,4,0.39864
7,5,test,1,0.34329
7,6,test,1,0.50469
7,7,test,4,0.49434
8,1,test,4,0.07874
8,2,test,1,0.42919
8,3,test,1,0.42309
8,4,test,1,0.42399
8,5,test,1,0.47249
8,6,test,1,0.66519
9,1,train,1,0.49399
9,2,train,1,0.51769
9,3,train,1,0.41259
9,4,train,1,0.36339
9,5,train,1,0.45189
9,6,train,1,0.49119
9,7,train,1,0.55279
10,1,train,4,0.34084
10,2,train,4,0.41084
10,3,train,4,0.48384
10,4,train,1,0.67289
10,5,train,1,0.63099
10,6,train,1,0.51259
10,7,train,1,0.48459
10,8,train,1,0.63339
11,1,train,1,0.47039
11,2,train,1,0.61989
11,3,train,4,0.46414
11,4,train,1,0.52969
12,1,val,4,0.58874
12,2,val,1,0.38399
12,3,val,1,0.75659
12,4,val,1,0.43729
12,5,val,1,0.62909
12,6,val,1,0.66609
13,1,train,4,0.70134
13,2,train,1,0.52309
13,3,train,4,0.62784
13,4,train,1,0.65329
13,5,train,4,0.64474
13,6,train,4,0.57574
14,1,train,4,0.38904
14,2,train,1,0.53319
14,3,train,4,0.59534
14,4,train,1,0.53019
14,5,train,1,0.64699
14,6,train,1,0.69669
14,7,train,8,0.56831
15,1,train,1,0.49659
15,2,train,1,0.60639
15,3,train,1,0.64279
15,4,train,1,0.52679
15,5,train,1,0.68049
15,6,train,1,0.59819
15,7,train,4,0.58534
16,1,train,2,0.31561
16,2,train,2,0.31951
16,3,train,1,0.44379
16,4,train,8,0.4066
16,5,train,1,0.41349
16,6,train,4,0.52864
16,7,train,4,0.40534
17,1,train,4,0.38964
17,2,train,1,0.50309
17,3,train,2,0.38581
17,4,train,1,0.57239
17,5,train,1,0.42029
17,6,train,1,0.58919
18,1,test,1,0.36839
18,2,test,4,0.40424
18,3,test,1,0.34839
18,4,test,1,0.48799
18,5,test,1,0.29899
18,6,test,1,0.41499
19,1,test,1,0.40389
19,2,test,1,0.40429
19,3,test,4,0.41464
19,4,test,4,0.41734
19,5,test,2,0.31671
19,6,test,4,0.52844
20,1,test,1,0.37709
20,2,test,1,0.43619
20,3,test,1,0.58129
20,4,test,1,0.66759
20,5,test,1,0.58659
21,1,train,2,0.27061
21,2,train,1,0.43439
21,3,train,4,0.53474
21,4,train,1,0.48679
21,5,train,1,0.53079
21,6,train,4,0.57194
21,7,train,1,0.52369
21,8,train,1,0.46609
22,1,train,1,0.66949
22,2,train,4,0.59264
22,3,train,8,0.54521
22,4,train,8,0.5717
22,5,train,1,0.70199
22,6,train,4,0.69614
23,1,train,1,0.76009
23,2,train,4,0.61524
23,3,train,1,0.73549
23,4,train,8,0.4479
23,5,train,1,0.71309
23,6,train,4,0.69794
23,7,train,1,0.82599
24,1,train,1,0.61859
24,2,train,4,0.80494
24,3,train,1,0.70229
24,4,train,1,0.63999
24,5,train,1,0.74889
24,6,train,1,0.81059
24,7,train,1,0.70599
24,8,train,1,0.56859
25,1,train,1,0.59539
25,2,train,1,0.75269
25,3,train,1,0.61629
25,4,train,4,0.75834
25,5,train,4,0.56554
25,6,train,1,0.67589
26,1,train,1,0.43429
26,2,train,1,0.60029
26,3,train,1,0.62229
26,4,train,1,0.69519
26,5,train,1,0.72279
26,6,train,1,0.64339
26,7,train,1,0.60129
27,1,train,1,0.67619
27,2,train,1,0.58769
27,3,train,1,0.64159
27,4,train,4,0.51284
27,5,train,1,0.56549
27,6,train,1,0.68379
27,7,train,1,0.59979
28,1,train,4,0.58914
28,2,train,4,0.48364
28,3,train,1,0.66019
28,4,train,1,0.54379
28,5,train,1,0.50579
28,6,train,4,0.49884
28,7,train,1,0.69049
28,8,train,1,0.63439
29,1,train,1,0.64219
29,2,train,1,0.65969
29,3,train,1,0.60749
29,4,train,8,0.5829
29,5,train,1,0.72989
29,6,train,1,0.64189
29,7,train,4,0.56134
29,8,train,1,0.73879
30,1,train,8,0.44241
30,2,train,1,0.34609
30,3,train,1,0.64229
30,4,train,4,0.56734
30,5,train,1,0.67279
30,6,train,1,0.72679
31,1,train,1,0.35149
31,2,train,1,0.66749
31,3,train,1,0.61179
31,4,train,1,0.48929
31,5,train,1,0.50759
31,6,train,1,0.58619
32,1,train,1,0.42729
32,2,train,8,0.3915
32,3,train,1,0.48399
32,4,train,1,0.48919
32,5,train,1,0.43379
33,1,train,1,0.35569
33,2,train,4,0.56544
33,3,train,1,0.51199
33,4,train,1,0.59729
33,5,train,1,0.68939
33,6,train,4,0.54084
33,7,train,1,0.56579
34,1,train,1,0.50559
34,2,train,1,0.58229
34,3,train,1,0.65609
34,4,train,8,0.5091
34,5,train,1,0.55629
35,1,test,1,0.56369
35,2,test,1,0.62409
35,3,test,1,0.49379
35,4,test,1,0.62569
35,5,test,1,0.63869
35,6,test,1,0.83729
36,1,val,4,0.45554
36,2,val,1,0.38459
36,3,val,8,0.5778
36,4,val,4,0.70154
36,5,val,1,0.74009
37,1,val,4,0.59634
37,2,val,1,0.62359
37,3,val,1,0.45409
37,4,val,1,0.62449
37,5,val,1,0.60509
37,6,val,4,0.57664
38,1,train,8,0.4415
38,2,train,1,0.50899
38,3,train,1,0.57069
38,4,train,1,0.45629
38,5,train,1,0.70409
38,6,train,1,0.60589
39,1,test,1,0.68359
39,2,test,8,0.4385
39,3,test,1,0.63209
39,4,test,1,0.66469
39,5,test,1,0.59209
39,6,test,1,0.67869
40,1,train,1,0.52419
40,2,train,4,0.58304
40,3,train,1,0.58879
40,4,train,1,0.59439
40,5,train,4,0.47174
41,1,test,4,0.52974
41,2,test,1,0.46669
41,3,test,1,0.68699
41,4,test,1,0.71919
41,5,test,1,0.77119
42,1,train,1,0.72089
42,2,train,1,0.31239
42,3,train,1,0.65979
42,4,train,1,0.54819
42,5,train,4,0.48204
42,6,train,4,0.55964
42,7,train,1,0.66199
43,1,train,8,0.6452
43,2,train,1,0.67499
43,3,train,1,0.74309
43,4,train,4,0.59634
43,5,train,1,0.81089
43,6,train,4,0.81384
43,7,train,1,0.68129
43,8,train,1,0.75629
44,1,test,8,0.61271
44,2,test,1,0.71369
44,3,test,1,0.88009
44,4,test,4,0.83584
44,5,test,1,0.74909
44,6,test,1,0.83689
44,7,test,4,0.63054
45,1,train,1,0.83339
45,2,train,1,0.72079
45,3,train,1,0.73069
45,4,train,1,0.83329
45,5,train,1,0.79669
45,6,train,1,0.85909
45,7,train,4,0.67974
45,8,train,4,0.82644
46,1,train,1,0.67179
46,2,train,1,0.66369
46,3,train,4,0.37874
46,4,train,4,0.57354
46,5,train,4,0.66534
46,6,train,8,0.56721
46,7,train,1,0.72149
46,8,train,1,0.57909
47,1,test,1,0.62999
47,2,test,4,0.69534
47,3,test,1,0.73089
48,1,train,1,0.57139
48,2,train,1,0.63489
48,3,train,4,0.54204
48,4,train,4,0.49774
48,5,train,1,0.67549
49,1,test,1,0.50999
49,2,test,4,0.65454
49,3,test,4,0.50554
49,4,test,1,0.63629
49,5,test,1,0.51549
49,6,test,1,0.66979
49,7,test,1,0.80629
49,8,test,1,0.53559
50,1,val,1,0.65649
50,2,val,4,0.59964
50,3,val,1,0.64229
51,1,train,8,0.5647
51,2,train,1,0.70479
51,3,train,1,0.67839
51,4,train,1,0.65399
51,5,train,1,0.63209
51,6,train,1,0.76299
51,7,train,1,0.52719
51,8,train,1,0.59249
52,1,train,1,0.33529
52,2,train,1,0.32209
52,3,train,1,0.46729
52,4,train,1,0.34059
52,5,train,1,0.37629
52,6,train,1,0.43159
52,7,train,1,0.49339
53,1,train,1,0.31309
53,2,train,1,0.37649
53,3,train,1,0.44879
53,4,train,1,0.51019
53,5,train,1,0.40649
53,6,train,2,0.34441
53,7,train,1,0.36819
54,1,test,1,0.40589
54,2,test,1,0.34029
54,3,test,1,0.46009
54,4,test,2,0.28341
54,5,test,1,0.50509
55,1,train,1,0.62299
55,2,train,8,0.6554
55,3,train,1,0.71639
55,4,train,1,0.63969
55,5,train,8,0.64471
55,6,train,1,0.79759
55,7,train,1,0.68519
56,1,train,4,0.51644
56,2,train,1,0.67449
56,3,train,1,0.73149
56,4,train,1,0.58009
56,5,train,1,0.66689
56,6,train,1,0.73539
57,1,train,1,0.62099
57,2,train,1,0.48909
57,3,train,8,0.7508
57,4,train,1,0.70889
57,5,train,8,0.7387
57,6,train,1,0.72009
58,1,train,2,0.33631
58,2,train,2,0.38711
58,3,train,1,0.47299
58,4,train,1,0.48939
59,1,train,2,0.37041
59,2,train,1,0.29959
59,3,train,1,0.35559
59,4,train,2,0.37651
59,5,train,1,0.64449
59,6,train,1,0.61999
59,7,train,4,0.54864
60,1,val,1,0.45389
60,2,val,1,0.40689
60,3,val,4,0.41364
60,4,val,1,0.39019
60,5,val,4,0.34204
60,6,val,1,0.56379
61,1,train,1,0.39849
61,2,train,1,0.43199
61,3,train,4,0.57544
61,4,train,4,0.50764
61,5,train,1,0.58689
62,1,train,4,0.50014
62,2,train,4,0.38874
62,3,train,1,0.51569
62,4,train,1,0.43869
62,5,train,1,0.58199
63,1,train,1,0.58339
63,2,train,4,0.49354
63,3,train,4,0.46684
63,4,train,1,0.52199
63,5,train,1,0.69519
63,6,train,1,0.53939
63,7,train,1,0.50899
64,1,train,1,0.66409
64,2,train,1,0.45339
64,3,train,1,0.71289
64,4,train,1,0.65709
64,5,train,4,0.58514
65,1,train,1,0.43069
65,2,train,4,0.48694
65,3,train,1,0.58949
66,1,train,1,0.42599
66,2,train,1,0.47429
66,3,train,1,0.58329
66,4,train,1,0.60389
66,5,train,4,0.59884
66,6,train,1,0.65929
67,1,val,1,0.52329
67,2,val,1,0.63699
67,3,val,1,0.48779
67,4,val,1,0.76699
67,5,val,1,0.52869
67,6,val,1,0.64429
68,1,train,1,0.62759
68,2,train,1,0.60599
68,3,train,1,0.52639
68,4,train,1,0.60659
68,5,train,1,0.61539
68,6,train,1,0.70499
68,7,train,1,0.65519
68,8,train,1,0.64389
69,1,train,1,0.60759
69,2,train,1,0.64229
69,3,train,4,0.62634
69,4,train,1,0.51439
69,5,train,8,0.42021
69,6,train,1,0.57729
69,7,train,1,0.58699
69,8,train,1,0.73539
70,1,train,1,0.83409
70,2,train,1,0.90279
70,3,train,1,0.82679
70,4,train,1,0.83189
70,5,train,8,0.6845
70,6,train,1,0.70439
70,7,train,1,0.86919
71,1,train,4,0.78484
71,2,train,8,0.698
71,3,train,1,0.87169
71,4,train,8,0.59151
71,5,train,1,0.91319
71,6,train,1,0.88999
71,7,train,1,0.70129
72,1,test,8,0.65391
72,2,test,1,0.84449
72,3,test,1,0.91909
72,4,test,1,0.87129
72,5,test,1,0.79389
72,6,test,1,0.84619
72,7,test,1,0.85369
73,1,val,1,0.26369
73,2,val,2,0.30361
73,3,val,1,0.37359
74,1,train,1,0.13749
74,2,train,2,0.24721
74,3,train,1,0.37439
74,4,train,2,0.22391
74,5,train,1,0.36029
74,6,train,4,0.28264
74,7,train,1,0.40699
74,8,train,1,0.40549
75,1,train,1,0.22459
75,2,train,1,0.27889
75,3,train,1,0.44889
75,4,train,1,0.37809
75,5,train,1,0.31579
75,6,train,4,0.26044
75,7,train,2,0.27911
76,1,train,1,0.60609
76,2,train,4,0.43354
76,3,train,1,0.62849
76,4,train,1,0.69999
76,5,train,1,0.49709
76,6,train,1,0.65489
76,7,train,1,0.62609
76,8,train,4,0.48844
77,1,test,1,0.76229
77,2,test,4,0.62354
77,3,test,1,0.54489
77,4,test,1,0.64939
77,5,test,8,0.6684
77,6,test,1,0.57969
77,7,test,1,0.55789
78,1,train,1,0.60229
78,2,train,8,0.4924
78,3,train,1,0.63139
78,4,train,4,0.61404
78,5,train,4,0.68304
79,1,train,1,0.63439
79,2,train,1,0.49869
79,3,train,4,0.72204
79,4,train,4,0.65044
79,5,train,8,0.6875
79,6,train,1,0.62439
79,7,train,1,0.67909
80,1,train,1,0.61889
80,2,train,4,0.51324
80,3,train,4,0.67964
80,4,train,4,0.59564
80,5,train,1,0.81979
80,6,train,1,0.71079
81,1,train,1,0.66749
81,2,train,1,0.76759
81,3,train,1,0.59649
81,4,train,1,0.67649
81,5,train,4,0.69644
81,6,train,1,0.54519
81,7,train,1,0.69359
82,1,val,8,0.5555
82,2,val,1,0.81189
82,3,val,1,0.80009
82,4,val,1,0.81059
82,5,val,1,0.78109
82,6,val,1,0.84219
83,1,train,1,0.83359
83,2,train,8,0.57511
83,3,train,1,0.70699
83,4,train,1,0.78439
83,5,train,8,0.7343
84,1,train,1,0.82579
84,2,train,1,0.79009
84,3,train,1,0.76519
84,4,train,4,0.74474
84,5,train,1,0.72959
84,6,train,1,0.78859
84,7,train,1,0.83509
84,8,train,1,0.90619
85,1,val,1,0.54949
85,2,val,8,0.53321
85,3,val,1,0.54869
85,4,val,1,0.67029
85,5,val,1,0.52179
85,6,val,1,0.73779
86,1,train,1,0.57259
86,2,train,1,0.63059
86,3,train,8,0.734
86,4,train,1,0.59739
86,5,train,1,0.50699
87,1,train,1,0.43999
87,2,train,4,0.65124
87,3,train,1,0.71409
87,4,train,1,0.64979
87,5,train,1,0.64829
87,6,train,1,0.73789
88,1,train,1,0.51039
88,2,train,1,0.76939
88,3,train,8,0.5626
88,4,train,8,0.41931
88,5,train,8,0.57611
88,6,train,4,0.62334
89,1,test,1,0.60729
89,2,test,1,0.55259
89,3,test,1,0.62159
89,4,test,1,0.76669
89,5,test,8,0.3802
89,6,test,4,0.67604
89,7,test,1,0.78539
90,1,train,4,0.45064
90,2,train,4,0.54794
90,3,train,1,0.67739
90,4,train,1,0.58529
90,5,train,1,0.66699
91,1,val,1,0.71339
91,2,val,1,0.69509
91,3,val,1,0.74239
91,4,val,4,0.59904
91,5,val,1,0.70419
91,6,val,4,0.67174
91,7,val,1,0.71139
92,1,train,1,0.54779
92,2,train,8,0.6352
92,3,train,1,0.67879
92,4,train,1,0.75899
92,5,train,4,0.83864
92,6,train,1,0.70839
92,7,train,1,0.68229
92,8,train,1,0.77139
93,1,train,1,0.73419
93,2,train,1,0.83169
93,3,train,1,0.72329
93,4,train,8,0.5579
93,5,train,1,0.73829
93,6,train,8,0.76371
93,7,train,1,0.73079
93,8,train,1,0.81879
94,1,train,2,0.19681
94,2,train,1,0.44739
94,3,train,1,0.53029
94,4,train,8,0.3763
94,5,train,1,0.48169
94,6,train,1,0.51329
95,1,train,1,0.40249
95,2,train,1,0.48339
95,3,train,1,0.43229
95,4,train,2,0.33521
95,5,train,4,0.36554
96,1,val,1,0.33529
96,2,val,1,0.37509
96,3,val,1,0.47869
96,4,val,4,0.51514
96,5,val,1,0.50159
97,1,val,1,0.58789
97,2,val,4,0.76354
97,3,val,1,0.72469
97,4,val,4,0.66134
97,5,val,8,0.50581
97,6,val,1,0.67149
98,1,train,1,0.51439
98,2,train,1,0.73719
98,3,train,1,0.72789
98,4,train,1,0.73379
98,5,train,1,0.82909
98,6,train,1,0.65949
98,7,train,8,0.5425
99,1,train,8,0.4346
99,2,train,1,0.59709
99,3,train,1,0.74619
99,4,train,1,0.66439
99,5,train,1,0.87049
99,6,train,1,0.64779
99,7,train,1,0.65419
100,1,train,1,0.59659
100,2,train,1,0.67269
100,3,train,1,0.30279
100,4,train,1,0.56379
100,5,train,1,0.63029
100,6,train,1,0.59079
100,7,train,4,0.62414
101,1,train,1,0.51289
101,2,train,1,0.54609
101,3,train,4,0.53784
101,4,train,1,0.64549
101,5,train,1,0.63129
101,6,train,4,0.58334
101,7,train,4,0.46594
102,1,test,1,0.49959
102,2,test,4,0.49564
102,3,test,1,0.61269
102,4,test,4,0.47534
102,5,test,4,0.56434
102,6,test,1,0.41259
102,7,test,1,0.63969
103,1,train,1,0.60789
103,2,train,1,0.83459
103,3,train,1,0.65689
103,4,train,1,0.80179
103,5,train,1,0.70709
103,6,train,1,0.77129
103,7,train,8,0.6414
103,8,train,1,0.69959
104,1,train,1,0.81659
104,2,train,1,0.74369
104,3,train,4,0.75964
104,4,train,4,0.71134
105,1,train,1,0.67679
105,2,train,4,0.73794
105,3,train,1,0.70379
105,4,train,1,0.79029
105,5,train,1,0.75779
105,6,train,4,0.78474
105,7,train,1,0.73619
105,8,train,1,0.65629
106,1,train,1,0.44559
106,2,train,1,0.73579
106,3,train,1,0.72029
106,4,train,1,0.53839
106,5,train,1,0.70539
106,6,train,8,0.47741
106,7,train,1,0.68819
106,8,train,4,0.69564
107,1,train,8,0.59651
107,2,train,1,0.75629
107,3,train,4,0.74924
107,4,train,1,0.67749
107,5,train,8,0.57611
107,6,train,4,0.71684
107,7,train,1,0.64049
107,8,train,1,0.65609
108,1,train,1,0.52649
108,2,train,4,0.41164
108,3,train,1,0.74489
108,4,train,4,0.80544
108,5,train,1,0.65049
108,6,train,1,0.74329
108,7,train,1,0.58569
108,8,train,1,0.67639
109,1,train,1,0.46789
109,2,train,1,0.26529
109,3,train,4,0.33964
109,4,train,1,0.53209
109,5,train,1,0.45999
109,6,train,4,0.36724
109,7,train,1,0.48259
109,8,train,1,0.36259
110,1,test,4,0.39204
110,2,test,1,0.34619
110,3,test,2,0.31601
110,4,test,1,0.35299
110,5,test,1,0.55249
110,6,test,1,0.46599
110,7,test,1,0.40099
111,1,train,1,0.37919
111,2,train,4,0.48244
111,3,train,1,0.50789
111,4,train,4,0.42894
111,5,train,1,0.42209
112,1,train,1,0.28789
112,2,train,1,0.32289
112,3,train,1,0.34899
112,4,train,4,0.40314
112,5,train,1,0.46549
112,6,train,1,0.57299
112,7,train,4,0.46914
113,1,train,2,0.33851
113,2,train,1,0.38169
113,3,train,4,0.57674
113,4,train,1,0.41699
113,5,train,4,0.46094
113,6,train,1,0.47919
113,7,train,1,0.45839
113,8,train,4,0.40494
114,1,train,1,0.32439
114,2,train,1,0.41869
114,3,train,1,0.43809
114,4,train,1,0.47809
114,5,train,1,0.60749
114,6,train,1,0.56889
114,7,train,4,0.45044
114,8,train,1,0.69129
115,1,train,1,0.35349
115,2,train,1,0.40069
115,3,train,1,0.49089
115,4,train,1,0.36749
115,5,train,1,0.39699
115,6,train,1,0.49509
115,7,train,8,0.37671
116,1,val,2,0.25641
116,2,val,1,0.36089
116,3,val,1,0.41349
116,4,val,2,0.36361
116,5,val,4,0.52984
116,6,val,1,0.47779
117,1,train,2,0.27861
117,2,train,1,0.39929
117,3,train,1,0.42899
117,4,train,1,0.46649
117,5,train,1,0.32209
117,6,train,1,0.57879
118,1,train,1,0.39559
118,2,train,1,0.43909
118,3,train,1,0.39559
118,4,train,4,0.38674
118,5,train,1,0.62739
118,6,train,1,0.42359
118,7,train,1,0.62129
118,8,train,1,0.62319
119,1,train,1,0.51589
119,2,train,4,0.39794
119,3,train,1,0.49189
119,4,train,1,0.39679
119,5,train,8,0.47241
119,6,train,1,0.64349
119,7,train,1,0.44389
119,8,train,1,0.65899
120,1,train,1,0.37809
120,2,train,1,0.47339
120,3,train,1,0.46949
120,4,train,1,0.43969
120,5,train,1,0.35469
121,1,val,2,0.35581
121,2,val,1,0.52819
121,3,val,1,0.46939
121,4,val,1,0.48599
121,5,val,1,0.67349
121,6,val,1,0.53369
121,7,val,1,0.42239
122,1,train,1,0.50159
122,2,train,1,0.32519
122,3,train,1,0.44509
122,4,train,1,0.40139
122,5,train,1,0.35979
122,6,train,1,0.59679
122,7,train,4,0.45274
122,8,train,4,0.42364
123,1,train,1,0.45079
123,2,train,1,0.42699
123,3,train,1,0.40649
123,4,train,1,0.44789
123,5,train,4,0.48904
123,6,train,4,0.49864
124,1,test,1,0.68949
124,2,test,1,0.62339
124,3,test,8,0.54591
124,4,test,4,0.44304
124,5,test,4,0.51324
124,6,test,1,0.73509
124,7,test,4,0.64304
124,8,test,1,0.71609
125,1,test,4,0.44274
125,2,test,8,0.51081
125,3,test,1,0.56169
125,4,test,4,0.69124
125,5,test,1,0.52759
125,6,test,1,0.67599
125,7,test,4,0.58264
125,8,test,1,0.50639
126,1,train,1,0.67279
126,2,train,1,0.57539
126,3,train,1,0.67309
126,4,train,8,0.57621
126,5,train,4,0.70444
127,1,train,1,0.58229
127,2,train,4,0.51504
127,3,train,1,0.72789
127,4,train,1,0.60499
127,5,train,1,0.59659
127,6,train,1,0.68229
128,1,train,1,0.39529
128,2,train,1,0.78709
128,3,train,4,0.59574
128,4,train,1,0.61219
128,5,train,1,0.48369
128,6,train,4,0.63624
128,7,train,8,0.5354
128,8,train,1,0.43299
129,1,val,1,0.76999
129,2,val,4,0.40244
129,3,val,1,0.49429
129,4,val,1,0.49879
129,5,val,1,0.57039
129,6,val,1,0.65919
129,7,val,1,0.62489
129,8,val,8,0.4155
130,1,train,1,0.71379
130,2,train,4,0.59774
130,3,train,1,0.78789
131,1,train,1,0.69619
131,2,train,1,0.83059
131,3,train,8,0.63191
131,4,train,4,0.60634
131,5,train,1,0.65369
131,6,train,4,0.78874
131,7,train,4,0.58544
131,8,train,8,0.5758
132,1,train,1,0.74599
132,2,train,1,0.63969
132,3,train,1,0.78229
132,4,train,1,0.72109
132,5,train,1,0.78639
132,6,train,1,0.60589
132,7,train,1,0.78459
132,8,train,1,0.82859
133,1,test,1,0.48869
133,2,test,1,0.64289
133,3,test,4,0.58314
133,4,test,4,0.51744
133,5,test,1,0.59299
133,6,test,8,0.4459
133,7,test,1,0.58289
134,1,train,8,0.39581
134,2,train,1,0.67589
134,3,train,1,0.53659
134,4,train,1,0.66109
134,5,train,1,0.51029
134,6,train,1,0.64839
134,7,train,8,0.53601
134,8,train,1,0.64359
135,1,test,1,0.62799
135,2,test,8,0.38561
135,3,test,1,0.62589
135,4,test,1,0.49279
135,5,test,1,0.76989
136,1,test,1,0.36629
136,2,test,1,0.52049
136,3,test,1,0.38029
136,4,test,1,0.52609
136,5,test,1,0.46729
137,1,test,1,0.46079
137,2,test,1,0.34899
137,3,test,4,0.28624
137,4,test,1,0.39579
137,5,test,4,0.44534
137,6,test,1,0.53409
138,1,test,1,0.42459
138,2,test,1,0.37709
138,3,test,4,0.36584
138,4,test,8,0.355
138,5,test,1,0.43199
138,6,test,1,0.60499
139,1,train,1,0.40219
139,2,train,1,0.39309
139,3,train,1,0.54029
139,4,train,1,0.59019
139,5,train,1,0.44259
139,6,train,1,0.47779
140,1,train,4,0.20154
140,2,train,1,0.43259
140,3,train,1,0.52439
140,4,train,1,0.58069
140,5,train,1,0.50449
141,1,train,4,0.51814
141,2,train,1,0.44609
141,3,train,1,0.41609
141,4,train,4,0.49404
141,5,train,1,0.54899
142,1,test,1,0.39019
142,2,test,1,0.43779
142,3,test,4,0.56614
142,4,test,1,0.59769
142,5,test,1,0.62779
142,6,test,4,0.43914
143,1,train,1,0.37869
143,2,train,4,0.41344
143,3,train,8,0.443
143,4,train,1,0.62659
143,5,train,8,0.4164
143,6,train,8,0.40311
144,1,train,2,0.34491
144,2,train,1,0.35749
144,3,train,4,0.54614
144,4,train,1,0.51119
144,5,train,1,0.61529
145,1,train,2,0.35421
145,2,train,1,0.36029
145,3,train,1,0.60909
145,4,train,1,0.49409
145,5,train,1,0.54899
145,6,train,8,0.37261
146,1,val,1,0.36959
146,2,val,1,0.44659
146,3,val,1,0.48789
146,4,val,1,0.36009
146,5,val,1,0.50349
147,1,train,4,0.31934
147,2,train,4,0.43504
147,3,train,2,0.33031
147,4,train,1,0.48029
147,5,train,1,0.60949
148,1,train,4,0.41534
148,2,train,8,0.48871
148,3,train,1,0.44839
148,4,train,1,0.76049
148,5,train,1,0.65649
149,1,train,1,0.58329
149,2,train,4,0.47374
149,3,train,4,0.49874
149,4,train,1,0.64709
149,5,train,1,0.63589
149,6,train,1,0.55139
149,7,train,1,0.54849
149,8,train,8,0.5539
150,1,test,1,0.52049
150,2,test,1,0.49569
150,3,test,1,0.48789
150,4,test,1,0.58559
150,5,test,1,0.52799
150,6,test,8,0.61581
150,7,test,1,0.55669
150,8,test,8,0.48141
151,1,train,1,0.78429
151,2,train,1,0.68269
151,3,train,1,0.65749
151,4,train,1,0.66069
151,5,train,4,0.70004
152,1,train,1,0.77899
152,2,train,1,0.62309
152,3,train,4,0.76924
152,4,train,1,0.81399
152,5,train,1,0.75479
152,6,train,1,0.74229
152,7,train,4,0.62644
152,8,train,1,0.70239
153,1,train,8,0.8103
153,2,train,1,0.66089
153,3,train,1,0.67909
153,4,train,1,0.66469
153,5,train,1,0.74099
154,1,val,1,0.85629
154,2,val,1,0.66539
154,3,val,1,0.88619
154,4,val,4,0.81034
154,5,val,1,0.73029
154,6,val,1,0.80339
154,7,val,1,0.81209
154,8,val,1,0.86199
155,1,train,4,0.62084
155,2,train,1,0.83009
155,3,train,1,0.81189
155,4,train,1,0.66299
155,5,train,1,0.83079
155,6,train,1,0.78589
155,7,train,1,0.84209
156,1,train,1,0.70539
156,2,train,1,0.76299
156,3,train,1,0.69309
156,4,train,1,0.87409
156,5,train,1,0.77039
156,6,train,4,0.72264
157,1,train,1,0.59369
157,2,train,8,0.48951
157,3,train,1,0.53749
158,1,train,1,0.43439
158,2,train,1,0.68749
158,3,train,4,0.48804
158,4,train,4,0.50384
158,5,train,4,0.61704
158,6,train,8,0.62581
158,7,train,1,0.70389
159,1,val,1,0.51069
159,2,val,1,0.56229
159,3,val,8,0.43911
159,4,val,4,0.59354
159,5,val,1,0.69079
159,6,val,1,0.62699
159,7,val,1,0.68159
159,8,val,8,0.3952
160,1,test,1,0.39149
160,2,test,1,0.47309
160,3,test,1,0.41909
160,4,test,1,0.60719
160,5,test,1,0.40879
160,6,test,1,0.45729
160,7,test,1,0.53359
160,8,test,4,0.35374
161,1,train,1,0.40519
161,2,train,1,0.37309
161,3,train,2,0.37431
161,4,train,1,0.45079
161,5,train,1,0.35129
162,1,train,1,0.22329
162,2,train,1,0.55329
162,3,train,1,0.46999
162,4,train,1,0.36229
163,1,train,1,0.50519
163,2,train,4,0.58004
163,3,train,1,0.47909
163,4,train,1,0.76969
163,5,train,1,0.67069
163,6,train,1,0.53859
164,1,test,1,0.57819
164,2,test,4,0.39544
164,3,test,8,0.49391
164,4,test,1,0.62179
164,5,test,4,0.57724
165,1,train,2,0.38881
165,2,train,1,0.61329
165,3,train,1,0.66609
165,4,train,1,0.74379
165,5,train,1,0.53179
165,6,train,1,0.73089
165,7,train,1,0.58139
165,8,train,1,0.57219
166,1,train,1,0.66519
166,2,train,4,0.66654
166,3,train,4,0.59244
166,4,train,1,0.59719
166,5,train,1,0.74799
166,6,train,1,0.70219
166,7,train,1,0.64169
166,8,train,4,0.58934
167,1,train,1,0.78389
167,2,train,4,0.59534
167,3,train,1,0.71329
167,4,train,1,0.59839
168,1,train,1,0.54159
168,2,train,1,0.68939
168,3,train,1,0.77959
168,4,train,1,0.74829
168,5,train,1,0.55049
168,6,train,1,0.72139
168,7,train,4,0.69774
168,8,train,1,0.66089
169,1,train,4,0.40714
169,2,train,4,0.44334
169,3,train,1,0.59599
169,4,train,1,0.41559
169,5,train,8,0.5325
170,1,train,1,0.51409
170,2,train,1,0.41029
170,3,train,1,0.61359
170,4,train,1,0.43489
170,5,train,1,0.42829
170,6,train,1,0.65779
170,7,train,1,0.63339
171,1,train,1,0.47029
171,2,train,1,0.52749
171,3,train,1,0.55919
171,4,train,1,0.47169
171,5,train,1,0.52229
171,6,train,4,0.50214
171,7,train,1,0.46119
171,8,train,1,0.58689
172,1,train,1,0.52119
172,2,train,1,0.61479
172,3,train,4,0.48504
172,4,train,1,0.61179
172,5,train,4,0.60154
172,6,train,1,0.54769
173,1,train,1,0.74689
173,2,train,1,0.42869
173,3,train,4,0.52954
173,4,train,4,0.47584
173,5,train,1,0.64949
174,1,train,1,0.63089
174,2,train,1,0.53849
174,3,train,4,0.64694
174,4,train,4,0.54754
174,5,train,1,0.58129
175,1,test,4,0.47814
175,2,test,4,0.52824
175,3,test,1,0.43429
175,4,test,8,0.5204
175,5,test,1,0.68099
175,6,test,1,0.45969
175,7,test,1,0.68649
176,1,train,4,0.44424
176,2,train,1,0.47099
176,3,train,4,0.52094
176,4,train,1,0.61709
176,5,train,1,0.43879
177,1,train,4,0.50134
177,2,train,1,0.47419
177,3,train,8,0.3731
177,4,train,4,0.64224
178,1,train,1,0.66839
178,2,train,8,0.47241
178,3,train,4,0.50434
178,4,train,1,0.73679
178,5,train,1,0.69299
179,1,train,1,0.58929
179,2,train,1,0.47439
179,3,train,4,0.62094
179,4,train,4,0.51444
179,5,train,1,0.61499
179,6,train,1,0.47019
179,7,train,1,0.56589
180,1,test,1,0.45259
180,2,test,1,0.49749
180,3,test,1,0.57499
180,4,test,1,0.59579
180,5,test,1,0.60529
180,6,test,4,0.58174
180,7,test,1,0.55459
180,8,test,1,0.63389
181,1,train,2,0.25421
181,2,train,8,0.4406
181,3,train,1,0.22469
181,4,train,1,0.48839
181,5,train,1,0.26619
182,1,train,1,0.37969
182,2,train,1,0.40249
182,3,train,1,0.36179
182,4,train,4,0.37894
182,5,train,8,0.3602
182,6,train,1,0.56539
183,1,val,1,0.32179
183,2,val,1,0.37339
183,3,val,1,0.59349
183,4,val,1,0.33009
183,5,val,1,0.48929
184,1,train,4,0.59374
184,2,train,8,0.6897
184,3,train,1,0.54949
184,4,train,4,0.58764
184,5,train,1,0.57789
184,6,train,1,0.70449
185,1,train,1,0.53209
185,2,train,8,0.60251
185,3,train,1,0.59029
185,4,train,1,0.53339
185,5,train,8,0.49561
186,1,train,1,0.50469
186,2,train,1,0.74789
186,3,train,4,0.58404
186,4,train,1,0.65749
186,5,train,1,0.88749
186,6,train,1,0.66679
187,1,train,2,0.27481
187,2,train,2,0.30811
187,3,train,1,0.42019
187,4,train,1,0.29849
187,5,train,1,0.49929
187,6,train,1,0.48729
187,7,train,4,0.52414
187,8,train,1,0.52099
188,1,train,1,0.28999
188,2,train,1,0.37879
188,3,train,4,0.47924
188,4,train,1,0.45939
188,5,train,1,0.40109
188,6,train,1,0.41629
188,7,train,1,0.51039
188,8,train,1,0.62629
189,1,train,1,0.37809
189,2,train,2,0.28541
189,3,train,1,0.40579
189,4,train,1,0.36519
189,5,train,1,0.49289
189,6,train,4,0.40524
189,7,train,1,0.57789
190,1,train,1,0.78619
190,2,train,1,0.80409
190,3,train,1,0.77899
190,4,train,1,0.75199
190,5,train,1,0.77599
190,6,train,1,0.77079
190,7,train,1,0.76749
190,8,train,1,0.66309
191,1,test,1,0.85479
191,2,test,1,0.83109
191,3,test,8,0.4863
191,4,test,1,0.70319
191,5,test,1,0.72939
191,6,test,1,0.75289
191,7,test,1,0.62159
191,8,test,1,0.60769
192,1,train,1,0.76809
192,2,train,1,0.71609
192,3,train,1,0.73479
192,4,train,1,0.80889
192,5,train,1,0.73259
192,6,train,4,0.85224
192,7,train,1,0.71769
193,1,train,1,0.66869
193,2,train,1,0.60179
193,3,train,1,0.59169
193,4,train,1,0.54759
193,5,train,1,0.81289
193,6,train,1,0.50849
193,7,train,8,0.7232
193,8,train,1,0.73729
194,1,test,1,0.49119
194,2,test,1,0.73599
194,3,test,4,0.56944
194,4,test,1,0.72079
194,5,test,1,0.64009
195,1,train,4,0.57604
195,2,train,1,0.57979
195,3,train,8,0.6342
195,4,train,1,0.65049
195,5,train,1,0.65789
196,1,train,1,0.49759
196,2,train,1,0.43089
196,3,train,1,0.54559
196,4,train,1,0.54179
196,5,train,1,0.53969
196,6,train,1,0.58909
196,7,train,1,0.38299
197,1,train,1,0.52729
197,2,train,1,0.42859
197,3,train,1,0.41999
197,4,train,8,0.43731
197,5,train,4,0.43744
197,6,train,8,0.4368
197,7,train,4,0.53724
198,1,test,2,0.34701
198,2,test,1,0.57599
198,3,test,4,0.45614
198,4,test,1,0.29539
198,5,test,1,0.57119
198,6,test,8,0.48371
198,7,test,1,0.46939
198,8,test,1,0.43359
199,1,train,1,0.67259
199,2,train,1,0.78319
199,3,train,1,0.67399
199,4,train,1,0.87809
199,5,train,1,0.69069
199,6,train,1,0.72829
199,7,train,1,0.84229
200,1,train,1,0.80029
200,2,train,1,0.76439
200,3,train,1,0.86719
200,4,train,1,0.68919
200,5,train,1,0.68359
200,6,train,8,0.6958
201,1,test,1,0.75799
201,2,test,1,0.73999
201,3,test,4,0.58994
201,4,test,1,0.66249
201,5,test,8,0.66591
202,1,train,1,0.52969
202,2,train,1,0.84279
202,3,train,1,0.67759
202,4,train,1,0.58619
202,5,train,4,0.49204
202,6,train,1,0.53299
202,7,train,1,0.65029
203,1,val,1,0.68849
203,2,val,8,0.6852
203,3,val,1,0.74249
203,4,val,1,0.70549
203,5,val,1,0.53359
204,1,train,1,0.61369
204,2,train,1,0.68399
204,3,train,1,0.71409
204,4,train,1,0.75509
204,5,train,4,0.72904
205,1,train,1,0.37779
205,2,train,1,0.65329
205,3,train,1,0.57029
205,4,train,4,0.52984
205,5,train,1,0.56689
205,6,train,1,0.61239
206,1,train,1,0.60439
206,2,train,4,0.50014
206,3,train,4,0.56924
206,4,train,1,0.56009
206,5,train,1,0.51709
206,6,train,8,0.42721
207,1,train,1,0.40569
207,2,train,1,0.61419
207,3,train,1,0.59469
207,4,train,1,0.58159
207,5,train,1,0.62529
207,6,train,1,0.75759
207,7,train,4,0.63794
207,8,train,8,0.46751
208,1,train,1,0.46879
208,2,train,1,0.49049
208,3,train,1,0.37079
208,4,train,1,0.37949
208,5,train,4,0.38294
208,6,train,1,0.52039
209,1,train,1,0.47739
209,2,train,1,0.36879
209,3,train,4,0.43654
209,4,train,8,0.377
209,5,train,8,0.4275
209,6,train,4,0.47304
210,1,train,1,0.28349
210,2,train,1,0.37649
210,3,train,1,0.57019
210,4,train,1,0.43209
210,5,train,1,0.51879
210,6,train,4,0.58864
211,1,test,1,0.53759
211,2,test,1,0.45249
211,3,test,1,0.44229
211,4,test,1,0.39979
211,5,test,4,0.43394
211,6,test,1,0.45459
211,7,test,1,0.35059
211,8,test,1,0.67529
212,1,train,1,0.32749
212,2,train,4,0.33674
212,3,train,1,0.46389
213,1,train,4,0.44694
213,2,train,1,0.35419
213,3,train,1,0.44649
213,4,train,1,0.47289
213,5,train,1,0.41019
214,1,train,4,0.39424
214,2,train,1,0.49519
214,3,train,1,0.28639
214,4,train,1,0.42829
214,5,train,4,0.43264
214,6,train,1,0.47049
215,1,train,1,0.41909
215,2,train,1,0.35029
215,3,train,2,0.38421
215,4,train,1,0.38169
215,5,train,1,0.57339
215,6,train,1,0.57129
215,7,train,1,0.58429
215,8,train,4,0.42684
216,1,test,1,0.48709
216,2,test,1,0.30359
216,3,test,1,0.32429
216,4,test,1,0.36069
216,5,test,8,0.3773
216,6,test,1,0.49509
217,1,train,8,0.59651
217,2,train,1,0.67469
217,3,train,1,0.74569
217,4,train,1,0.72619
217,5,train,4,0.62574
217,6,train,1,0.64859
217,7,train,1,0.85839
217,8,train,1,0.85519
218,1,train,1,0.68859
218,2,train,8,0.6153
218,3,train,1,0.82579
219,1,train,1,0.79209
219,2,train,1,0.68809
219,3,train,1,0.66219
220,1,train,1,0.64019
220,2,train,1,0.52239
220,3,train,4,0.69004
220,4,train,1,0.80559
220,5,train,1,0.68079
220,6,train,1,0.62979
221,1,train,1,0.82929
221,2,train,1,0.63209
221,3,train,4,0.55164
221,4,train,4,0.70374
221,5,train,1,0.76849
221,6,train,1,0.72099
221,7,train,8,0.626
222,1,train,1,0.57159
222,2,train,1,0.71389
222,3,train,1,0.83409
222,4,train,4,0.57814
222,5,train,1,0.59229
222,6,train,1,0.66989
222,7,train,1,0.78679
222,8,train,1,0.80359
223,1,train,1,0.35059
223,2,train,1,0.27069
223,3,train,1,0.31529
223,4,train,1,0.34779
223,5,train,1,0.50849
223,6,train,4,0.50454
223,7,train,4,0.53764
224,1,train,1,0.39839
224,2,train,4,0.42584
224,3,train,4,0.21984
224,4,train,1,0.42129
224,5,train,1,0.50729
225,1,train,1,0.34779
225,2,train,1,0.43679
225,3,train,2,0.33111
225,4,train,1,0.43469
225,5,train,1,0.48259
225,6,train,1,0.54599
225,7,train,1,0.52809
226,1,val,1,0.90879
226,2,val,4,0.75414
226,3,val,1,0.89049
226,4,val,1,0.88869
226,5,val,1,0.84599
226,6,val,1,0.90379
226,7,val,1,0.82029
227,1,test,1,0.82709
227,2,test,8,0.6585
227,3,test,1,0.88569
227,4,test,4,0.74234
227,5,test,1,0.79629
227,6,test,1,0.85359
227,7,test,1,0.73359
228,1,test,4,0.84894
228,2,test,1,0.92229
228,3,test,4,0.80874
228,4,test,1,0.90199
228,5,test,1,0.88409
228,6,test,1,0.78659
228,7,test,4,0.81884
228,8,test,1,0.82449
229,1,test,1,0.38859
229,2,test,1,0.73499
229,3,test,1,0.70399
229,4,test,1,0.74749
229,5,test,4,0.55044
230,1,train,1,0.67139
230,2,train,1,0.57429
230,3,train,4,0.61734
230,4,train,1,0.55809
230,5,train,1,0.58289
230,6,train,1,0.64029
230,7,train,1,0.65769
230,8,train,1,0.64879
231,1,train,4,0.54264
231,2,train,1,0.80129
231,3,train,1,0.65689
231,4,train,1,0.55799
231,5,train,1,0.57909
232,1,train,1,0.70879
232,2,train,1,0.78829
232,3,train,1,0.77599
232,4,train,1,0.57309
232,5,train,1,0.58649
232,6,train,1,0.62619
232,7,train,1,0.66089
232,8,train,1,0.75599
233,1,train,8,0.6433
233,2,train,8,0.6395
233,3,train,1,0.59869
233,4,train,1,0.66379
233,5,train,1,0.71079
234,1,train,1,0.75009
234,2,train,1,0.50549
234,3,train,8,0.6902
234,4,train,1,0.68789
234,5,train,8,0.54311
234,6,train,8,0.6803
235,1,train,4,0.46384
235,2,train,1,0.51669
235,3,train,1,0.55229
235,4,train,1,0.59019
235,5,train,1,0.65899
235,6,train,1,0.73529
236,1,test,4,0.50624
236,2,test,1,0.43659
236,3,test,4,0.68984
236,4,test,1,0.64919
236,5,test,4,0.52794
237,1,train,1,0.53769
237,2,train,1,0.58589
237,3,train,4,0.50134
237,4,train,1,0.45649
237,5,train,1,0.63629
238,1,val,8,0.35971
238,2,val,1,0.49629
238,3,val,1,0.51679
238,4,val,8,0.462
238,5,val,1,0.62949
238,6,val,8,0.4278
238,7,val,1,0.47379
239,1,train,1,0.42929
239,2,train,8,0.6141
239,3,train,1,0.55179
239,4,train,1,0.57499
239,5,train,4,0.60194
240,1,train,1,0.56399
240,2,train,1,0.43239
240,3,train,1,0.70749
240,4,train,1,0.65759
240,5,train,4,0.62434
240,6,train,8,0.6041
240,7,train,4,0.67064
241,1,train,4,0.52834
241,2,train,1,0.67399
241,3,train,4,0.78744
241,4,train,1,0.71999
241,5,train,4,0.79904
242,1,train,1,0.77979
242,2,train,4,0.56134
242,3,train,8,0.55901
242,4,train,1,0.78159
242,5,train,1,0.83149
242,6,train,8,0.605
242,7,train,1,0.81569
243,1,train,1,0.54889
243,2,train,1,0.66609
243,3,train,1,0.73139
243,4,train,1,0.79799
243,5,train,4,0.64974
243,6,train,1,0.78759
244,1,train,1,0.50609
244,2,train,1,0.36459
244,3,train,1,0.37649
244,4,train,1,0.48759
244,5,train,1,0.51009
244,6,train,1,0.54919
244,7,train,8,0.5337
245,1,train,1,0.37919
245,2,train,1,0.38589
245,3,train,1,0.52019
245,4,train,8,0.3581
245,5,train,1,0.40229
245,6,train,1,0.65459
246,1,train,1,0.45059
246,2,train,2,0.37191
246,3,train,4,0.50684
246,4,train,1,0.48889
246,5,train,1,0.46579
246,6,train,4,0.58054
247,1,train,1,0.50619
247,2,train,1,0.58439
247,3,train,8,0.4711
247,4,train,1,0.52829
247,5,train,1,0.65679
248,1,train,1,0.43109
248,2,train,8,0.4369
248,3,train,1,0.55869
248,4,train,1,0.53269
248,5,train,1,0.63129
248,6,train,4,0.60854
249,1,train,1,0.52319
249,2,train,1,0.63259
249,3,train,1,0.62149
249,4,train,8,0.51711
249,5,train,8,0.47571
249,6,train,1,0.69239
249,7,train,1,0.62019
250,1,train,1,0.57979
250,2,train,4,0.27364
250,3,train,1,0.46909
250,4,train,1,0.56239
250,5,train,4,0.64114
250,6,train,1,0.57729
250,7,train,1,0.64539
251,1,val,1,0.41979
251,2,val,4,0.62244
251,3,val,1,0.53709
251,4,val,1,0.64249
251,5,val,1,0.60389
251,6,val,1,0.54429
251,7,val,8,0.4148
252,1,train,1,0.37789
252,2,train,8,0.44341
252,3,train,4,0.62034
252,4,train,1,0.51219
252,5,train,1,0.57079
253,1,train,1,0.57439
253,2,train,1,0.56009
253,3,train,1,0.62569
254,1,val,1,0.47379
254,2,val,1,0.39449
254,3,val,1,0.60099
254,4,val,1,0.57779
254,5,val,1,0.60859
255,1,train,1,0.61329
255,2,train,1,0.69179
255,3,train,1,0.59119
255,4,train,1,0.53029
255,5,train,1,0.70999
255,6,train,1,0.75629
255,7,train,1,0.57349
255,8,train,1,0.67639
256,1,train,1,0.87899
256,2,train,4,0.64694
256,3,train,1,0.63739
256,4,train,1,0.69699
256,5,train,1,0.88249
256,6,train,1,0.71589
256,7,train,1,0.62629
256,8,train,1,0.74409
257,1,test,1,0.62359
257,2,test,1,0.64189
257,3,test,1,0.82389
257,4,test,1,0.82299
257,5,test,1,0.87869
257,6,test,8,0.7559
257,7,test,1,0.90249
258,1,train,1,0.72639
258,2,train,1,0.76339
258,3,train,8,0.57751
258,4,train,1,0.79969
258,5,train,8,0.63471
258,6,train,4,0.72244
258,7,train,1,0.71419
259,1,test,1,0.86059
259,2,test,8,0.7094
259,3,test,1,0.76069
259,4,test,1,0.84769
259,5,test,1,0.83609
260,1,val,1,0.71349
260,2,val,1,0.72429
260,3,val,1,0.69709
260,4,val,1,0.76079
260,5,val,1,0.88199
260,6,val,4,0.77014
260,7,val,1,0.83529
260,8,val,1,0.76569
261,1,train,1,0.72589
261,2,train,1,0.76439
261,3,train,8,0.7765
261,4,train,1,0.88669
261,5,train,1,0.85449
261,6,train,1,0.87769
261,7,train,4,0.82984
262,1,train,4,0.55664
262,2,train,1,0.62219
262,3,train,1,0.57289
262,4,train,1,0.55439
262,5,train,1,0.51259
263,1,train,1,0.45789
263,2,train,1,0.50989
263,3,train,4,0.40244
263,4,train,1,0.44749
263,5,train,4,0.56034
263,6,train,1,0.54819
264,1,test,4,0.36574
264,2,test,1,0.53819
264,3,test,1,0.58369
264,4,test,1,0.43959
264,5,test,1,0.56529
264,6,test,1,0.66719
264,7,test,1,0.66939
264,8,test,1,0.65419
265,1,val,1,0.38769
265,2,val,1,0.50369
265,3,val,1,0.65749
266,1,val,4,0.39654
266,2,val,1,0.46109
266,3,val,8,0.5204
266,4,val,1,0.63419
266,5,val,1,0.58119
267,1,test,4,0.47394
267,2,test,1,0.61239
267,3,test,1,0.56039
267,4,test,1,0.72779
267,5,test,1,0.40709
267,6,test,1,0.69159
267,7,test,4,0.53654
268,1,train,1,0.37619
268,2,train,1,0.46089
268,3,train,1,0.55179
268,4,train,4,0.36644
268,5,train,4,0.42894
268,6,train,8,0.4125
268,7,train,1,0.44299
268,8,train,8,0.3952
269,1,val,4,0.44894
269,2,val,1,0.34099
269,3,val,4,0.40164
269,4,val,1,0.35689
269,5,val,1,0.52249
269,6,val,1,0.45329
269,7,val,1,0.43479
270,1,train,1,0.37019
270,2,train,1,0.37019
270,3,train,1,0.39719
270,4,train,1,0.55309
270,5,train,1,0.42379
270,6,train,1,0.53719
270,7,train,1,0.43729
271,1,train,1,0.30939
271,2,train,1,0.42809
271,3,train,4,0.30114
271,4,train,1,0.32309
271,5,train,4,0.48674
271,6,train,1,0.42419
272,1,train,1,0.35699
272,2,train,4,0.35084
272,3,train,1,0.37579
272,4,train,8,0.38801
272,5,train,1,0.44159
272,6,train,1,0.58999
272,7,train,1,0.54939
272,8,train,1,0.55149
273,1,train,1,0.24229
273,2,train,1,0.37799
273,3,train,1,0.51209
273,4,train,1,0.51359
273,5,train,1,0.44739
274,1,train,1,0.52289
274,2,train,4,0.53194
274,3,train,1,0.48839
274,4,train,1,0.71269
274,5,train,4,0.69484
274,6,train,1,0.59339
275,1,val,4,0.44254
275,2,val,1,0.61619
275,3,val,1,0.57789
275,4,val,1,0.52529
275,5,val,8,0.4831
276,1,train,1,0.52419
276,2,train,1,0.61249
276,3,train,1,0.52419
276,4,train,1,0.59569
276,5,train,1,0.55359
276,6,train,1,0.58859
276,7,train,1,0.53089
277,1,val,2,0.39061
277,2,val,1,0.50909
277,3,val,1,0.70189
277,4,val,1,0.64219
277,5,val,1,0.66179
277,6,val,8,0.5727
277,7,val,1,0.64239
277,8,val,4,0.52834
278,1,train,1,0.54909
278,2,train,1,0.57379
278,3,train,1,0.58919
278,4,train,1,0.45969
278,5,train,1,0.55189
278,6,train,1,0.74939
278,7,train,1,0.51429
278,8,train,8,0.5373
279,1,train,4,0.45604
279,2,train,1,0.48339
279,3,train,1,0.57689
279,4,train,4,0.51174
279,5,train,4,0.65984
280,1,train,8,0.52491
280,2,train,4,0.62294
280,3,train,1,0.64909
280,4,train,1,0.55839
280,5,train,4,0.68034
280,6,train,4,0.58494
280,7,train,1,0.70509
280,8,train,1,0.56959
281,1,train,1,0.54279
281,2,train,1,0.58589
281,3,train,1,0.63079
281,4,train,1,0.68099
281,5,train,1,0.50679
281,6,train,4,0.51364
282,1,train,4,0.60324
282,2,train,1,0.46059
282,3,train,1,0.57469
282,4,train,1,0.75949
282,5,train,1,0.62879
283,1,train,4,0.33354
283,2,train,1,0.51029
283,3,train,1,0.48349
283,4,train,1,0.39089
283,5,train,1,0.47639
284,1,train,4,0.38024
284,2,train,4,0.30554
284,3,train,4,0.41214
284,4,train,4,0.41074
284,5,train,8,0.37081
284,6,train,1,0.49389
284,7,train,1,0.52009
284,8,train,4,0.40034
285,1,train,1,0.33989
285,2,train,1,0.43579
285,3,train,1,0.52879
285,4,train,1,0.41189
285,5,train,1,0.48219
285,6,train,1,0.47979
286,1,train,1,0.56169
286,2,train,1,0.60449
286,3,train,1,0.50899
286,4,train,1,0.55809
286,5,train,1,0.58679
286,6,train,1,0.66829
286,7,train,4,0.43264
287,1,train,1,0.35829
287,2,train,1,0.46619
287,3,train,1,0.59409
287,4,train,1,0.62589
287,5,train,1,0.54169
287,6,train,1,0.65109
287,7,train,1,0.49489
288,1,train,4,0.43244
288,2,train,1,0.54819
288,3,train,1,0.61759
288,4,train,1,0.52629
289,1,train,2,0.30461
289,2,train,1,0.36459
289,3,train,1,0.45489
289,4,train,1,0.45809
289,5,train,8,0.40721
290,1,train,1,0.34729
290,2,train,1,0.47719
290,3,train,1,0.48139
290,4,train,1,0.50969
290,5,train,1,0.38419
291,1,train,1,0.39909
291,2,train,1,0.37799
291,3,train,1,0.40199
291,4,train,1,0.34979
291,5,train,4,0.42154
291,6,train,4,0.38644
291,7,train,1,0.52149
291,8,train,1,0.60359
292,1,train,1,0.67019
292,2,train,1,0.41069
292,3,train,1,0.50639
292,4,train,1,0.65529
293,1,test,8,0.5144
293,2,test,1,0.52209
293,3,test,1,0.59379
293,4,test,1,0.55399
293,5,test,4,0.62014
293,6,test,4,0.54014
293,7,test,1,0.59219
294,1,train,1,0.70919
294,2,train,1,0.49729
294,3,train,1,0.52419
294,4,train,1,0.47729
294,5,train,4,0.51444
294,6,train,4,0.56894
294,7,train,1,0.66529
295,1,val,1,0.71349
295,2,val,1,0.63039
295,3,val,1,0.74849
295,4,val,8,0.4768
295,5,val,1,0.72849
295,6,val,1,0.88009
295,7,val,1,0.66229
295,8,val,1,0.74639
296,1,train,1,0.75529
296,2,train,1,0.72759
296,3,train,1,0.51599
296,4,train,4,0.72554
296,5,train,4,0.71814
296,6,train,1,0.77159
296,7,train,1,0.73099
296,8,train,1,0.55659
297,1,train,1,0.75979
297,2,train,1,0.77509
297,3,train,8,0.53711
297,4,train,1,0.73759
297,5,train,1,0.81349
297,6,train,1,0.70829
297,7,train,1,0.66629
298,1,train,1,0.43359
298,2,train,1,0.45999
298,3,train,1,0.59139
298,4,train,4,0.45284
298,5,train,8,0.5589
298,6,train,1,0.55449
298,7,train,1,0.69029
299,1,test,1,0.63799
299,2,test,1,0.55099
299,3,test,8,0.4036
299,4,test,1,0.60719
299,5,test,1,0.44939
299,6,test,1,0.60699
299,7,test,8,0.5165
299,8,test,4,0.70014
300,1,train,1,0.57399
300,2,train,1,0.46909
300,3,train,8,0.3992
300,4,train,1,0.51949
300,5,train,1,0.60749
300,6,train,1,0.65689
300,7,train,1,0.50099
300,8,train,1,0.52419
